{"stats":{"minecraft:mined":{"minecraft:dark_oak_planks":28,"minecraft:obsidian":16,"minecraft:granite":6,"waystones:waystone":1,"minecraft:coal_block":7,"minecraft:oxeye_daisy":1,"minecraft:chiseled_stone_bricks":2,"minecraft:spawner":57,"minecraft:polished_blackstone_bricks":50,"minecraft:tall_seagrass":5,"minecraft:magma_block":2,"minecraft:cobbled_deepslate":2,"minecraft:fire":7,"minecraft:barrel":19,"minecraft:deepslate_lapis_ore":23,"minecraft:enchanting_table":1,"minecraft:dirt_path":4,"minecraft:red_bed":1,"minecraft:kelp_plant":105,"minecraft:amethyst_cluster":4,"minecraft:powder_snow":66,"minecraft:torch":10,"minecraft:note_block":1,"minecraft:dark_oak_wood":4,"minecraft:blast_furnace":3,"minecraft:nether_brick_slab":1,"minecraft:glass":1,"minecraft:cyan_bed":1,"minecraft:sugar_cane":9,"minecraft:damaged_anvil":1,"minecraft:amethyst_block":3,"minecraft:birch_sapling":6,"butcher:saltblock":3,"minecraft:birch_door":5,"butcher:sulfurore":1,"minecraft:grass":31,"minecraft:smooth_basalt":2,"minecraft:deepslate":226,"minecraft:infested_deepslate":2,"iceandfire:silver_ore":1,"minecraft:mossy_cobblestone":1,"minecraft:dark_oak_fence":6,"minecraft:jungle_planks":12,"minecraft:cartography_table":1,"minecraft:kelp":7,"minecraft:jungle_sapling":2,"minecraft:snow":4,"evilcraft:box_of_eternal_closure":2,"minecraft:andesite":9,"minecraft:potatoes":70,"minecraft:vine":1,"minecraft:bone_block":59,"minecraft:birch_stairs":1,"minecraft:dandelion":1,"minecraft:tall_grass":6,"minecraft:copper_ore":9,"minecraft:deepslate_gold_ore":19,"minecraft:diorite":5,"minecraft:purple_bed":1,"minecraft:torchflower":2,"minecraft:sunflower":1,"minecraft:gravel":62,"minecraft:cobweb":7,"minecraft:stone_bricks":2,"minecraft:fern":1,"minecraft:large_amethyst_bud":2,"minecraft:spruce_planks":35,"minecraft:oak_sapling":5,"minecraft:farmland":3,"minecraft:mossy_stone_brick_slab":1,"minecraft:jungle_slab":1,"minecraft:sculk_vein":3,"minecraft:spruce_trapdoor":1,"minecraft:grass_block":668,"minecraft:cracked_polished_blackstone_bricks":29,"minecraft:gilded_blackstone":1,"minecraft:glowstone":39,"minecraft:iron_ore":49,"minecraft:dark_oak_stairs":1,"minecraft:red_tulip":1,"minecraft:iron_bars":1,"minecraft:spruce_slab":6,"iceandfire:chared_cobblestone":1,"minecraft:deepslate_redstone_ore":27,"minecraft:blackstone":23,"minecraft:jungle_stairs":2,"minecraft:calcite":8,"minecraft:poppy":2,"iceandfire:ghost_chest":3,"minecraft:chest":5,"minecraft:nether_quartz_ore":76,"minecraft:cobblestone":4,"minecraft:oak_planks":8,"minecraft:iron_door":1,"minecraft:wall_torch":3,"minecraft:seagrass":4,"minecraft:warped_nylium":2,"minecraft:dark_oak_door":2,"evilcraft:dark_ore_deepslate":9,"minecraft:birch_log":1,"refurbished_furniture:light_electricity_generator":1,"minecraft:oak_log":10,"minecraft:beetroots":1,"minecraft:sand":140,"minecraft:dirt":415,"minecraft:crimson_planks":5,"minecraft:potted_red_tulip":1,"minecraft:netherrack":272,"minecraft:oak_leaves":16,"minecraft:cyan_candle":1,"minecraft:nether_gold_ore":3,"alexscaves:spelunkery_table":1,"minecraft:crying_obsidian":5,"minecraft:red_carpet":3,"minecraft:tuff":122,"minecraft:dark_oak_leaves":1,"minecraft:deepslate_diamond_ore":3,"minecraft:oak_door":16,"enchantinginfuser:enchanting_infuser":1,"minecraft:purple_terracotta":1,"minecraft:birch_slab":2,"minecraft:spruce_leaves":4,"minecraft:sandstone":33,"minecraft:hay_block":70,"minecraft:furnace":2,"minecraft:carrots":55,"minecraft:raw_gold_block":3,"evilcraft:dark_ore":24,"minecraft:gold_block":22,"minecraft:bookshelf":40,"minecraft:deepslate_iron_ore":67,"minecraft:stone":603,"minecraft:white_tulip":1,"minecraft:snow_block":24,"minecraft:basalt":9,"minecraft:spruce_door":1,"minecraft:oak_fence":2,"minecraft:sculk_sensor":1,"minecraft:stone_slab":3,"minecraft:lapis_ore":12,"minecraft:sculk":3,"refurbished_furniture:workbench":1,"minecraft:spruce_stairs":5,"minecraft:birch_planks":11,"minecraft:sweet_berry_bush":22,"minecraft:ice":7,"minecraft:yellow_bed":4,"minecraft:coal_ore":48,"evilcraft:blood_stain":2,"minecraft:cyan_carpet":16,"minecraft:gray_carpet":1,"minecraft:cracked_stone_bricks":2},"minecraft:killed_by":{"minecraft:pillager":3,"minecraft:magma_cube":1,"minecraft:vindicator":9,"minecraft:zombie":12,"minecraft:husk":3,"minecraft:ghast":1,"minecraft:zombified_piglin":1,"minecraft:creeper":2,"iceandfire:sea_serpent":28,"alexsmobs:crocodile":1,"iceandfire:ice_dragon":5,"artifacts:mimic":1,"iceandfire:fire_dragon":9,"minecraft:player":1,"minecraft:iron_golem":2,"minecraft:hoglin":4,"minecraft:skeleton":10},"minecraft:custom":{"minecraft:interact_with_crafting_table":78,"minecraft:open_barrel":218,"minecraft:leave_game":29,"minecraft:time_since_death":128,"minecraft:play_time":883683,"minecraft:deaths":101,"minecraft:jump":12921,"minecraft:enchant_item":4,"minecraft:interact_with_furnace":62,"minecraft:interact_with_cartography_table":9,"minecraft:sleep_in_bed":31,"minecraft:waystone_activated":11,"minecraft:damage_dealt":87609,"tombstone:undead_killed":214,"minecraft:interact_with_smoker":4,"minecraft:inspect_dispenser":2,"minecraft:interact_with_smithing_table":6,"minecraft:interact_with_anvil":1,"minecraft:damage_dealt_absorbed":252,"minecraft:sneak_time":25423,"minecraft:interact_with_blast_furnace":22,"minecraft:total_world_time":883683,"tombstone:raider_killed":53,"minecraft:tune_noteblock":2,"tombstone:pray_on_grave":4,"minecraft:time_since_rest":1,"tombstone:cast_on_ally":0,"minecraft:swim_one_cm":781225,"minecraft:fly_one_cm":3106196,"minecraft:open_chest":667,"minecraft:fall_one_cm":527770,"minecraft:damage_resisted":120,"minecraft:sprint_one_cm":4035571,"minecraft:drop":283,"minecraft:play_noteblock":2,"minecraft:talked_to_villager":2,"minecraft:walk_on_water_one_cm":191299,"minecraft:interact_with_loom":18,"minecraft:player_kills":5,"minecraft:crouch_one_cm":60310,"tombstone:villager_killed":1,"minecraft:mob_kills":362,"minecraft:damage_dealt_resisted":62,"minecraft:climb_one_cm":36490,"minecraft:walk_one_cm":2202790,"minecraft:walk_under_water_one_cm":304120,"minecraft:boat_one_cm":234090,"minecraft:interact_with_grindstone":10,"minecraft:damage_taken":73906,"minecraft:damage_absorbed":8,"minecraft:trigger_trapped_chest":2},"minecraft:killed":{"iceandfire:gorgon":1,"iceandfire:stymphalian_bird":1,"minecraft:skeleton":51,"minecraft:parrot":5,"minecraft:salmon":5,"minecraft:iron_golem":1,"minecraft:pillager":22,"minecraft:zombie":88,"iceandfire:sea_serpent":3,"mca:male_zombie_villager":1,"minecraft:vindicator":22,"alexsmobs:tusklin":1,"minecraft:husk":9,"minecraft:rabbit":2,"minecraft:wandering_trader":1,"evilcraft:poisonous_libelle":1,"iceandfire:ghost":3,"iceandfire:ice_dragon":1,"minecraft:enderman":1,"alexsmobs:hummingbird":1,"minecraft:zombified_piglin":59,"minecraft:spider":16,"minecraft:silverfish":3,"minecraft:illusioner":6,"minecraft:piglin_brute":5,"artifacts:mimic":3,"minecraft:piglin":14,"minecraft:pig":3,"minecraft:creeper":3,"minecraft:sheep":13,"minecraft:trader_llama":2,"minecraft:stray":1,"alexsmobs:dropbear":1,"iceandfire:fire_dragon":2,"minecraft:hoglin":2,"minecraft:squid":1,"alexsmobs:cockroach":1,"alexsmobs:crow":1,"minecraft:wither_skeleton":1},"minecraft:broken":{"minecraft:diamond_helmet":2,"minecraft:iron_boots":3,"minecraft:iron_chestplate":3,"minecraft:iron_leggings":3,"minecraft:golden_sword":1,"minecraft:leather_helmet":1,"slashblade:slashblade":1,"minecraft:iron_axe":1,"minecraft:iron_helmet":1,"slashblade:slashblade_wood":4,"minecraft:leather_chestplate":1,"minecraft:leather_boots":1},"minecraft:picked_up":{"minecraft:birch_door":4,"minecraft:iron_chestplate":5,"minecraft:lead":6,"minecraft:stone_slab":2,"minecraft:oak_stairs":1,"minecraft:golden_sword":2,"minecraft:amethyst_block":3,"minecraft:string":33,"minecraft:beetroot":1,"minecraft:gold_nugget":349,"minecraft:cobbled_deepslate":202,"minecraft:spruce_planks":33,"butcher:salt":8,"minecraft:coal_block":7,"minecraft:dark_oak_door":2,"explorerscompass:explorerscompass":1,"minecraft:acacia_log":36,"evilcraft:box_of_eternal_closure":2,"minecraft:salmon_bucket":1,"iceandfire:fire_dragon_heart":3,"minecraft:red_tulip":1,"minecraft:iron_bars":1,"minecraft:snowball":98,"minecraft:birch_log":305,"minecraft:magma_block":1,"minecraft:feather":15,"minecraft:iron_door":1,"minecraft:birch_slab":7,"minecraft:jungle_log":43,"minecraft:brown_wool":1,"minecraft:flint":43,"minecraft:dark_oak_sign":9,"minecraft:rabbit":2,"minecraft:glowstone_dust":118,"butcher:cooked_lamb_rib":1,"iceandfire:dragonscales_sapphire":30,"minecraft:stripped_acacia_wood":1,"iceandfire:dragon_skull_fire":1,"iceandfire:stymphalian_bird_feather":6,"minecraft:ink_sac":8,"minecraft:acacia_stairs":2,"minecraft:dark_oak_log":6,"minecraft:barrel":18,"iceandfire:chared_cobblestone":1,"minecraft:bundle":4,"butcher:sulfur":3,"minecraft:blue_terracotta":1,"enchantinginfuser:enchanting_infuser":1,"minecraft:granite":6,"spartanweaponry:iron_heavy_crossbow":2,"minecraft:golden_horse_armor":1,"minecraft:bread":33,"iceandfire:gorgon_head":1,"iceandfire:raw_silver":1,"minecraft:diamond_pickaxe":1,"iceandfire:witherbone":1,"iceandfire:sea_serpent_scales_blue":2,"minecraft:cornflower":3,"minecraft:iron_shovel":1,"minecraft:cracked_stone_bricks":2,"minecraft:cartography_table":1,"minecraft:jungle_sapling":6,"minecraft:poppy":1,"minecraft:spruce_slab":7,"minecraft:chest":5,"minecraft:birch_sapling":64,"minecraft:egg":5,"minecraft:sandstone":31,"minecraft:raw_gold_block":3,"minecraft:oak_door":14,"minecraft:carrot":185,"minecraft:redstone":113,"minecraft:beetroot_seeds":4,"minecraft:shears":2,"minecraft:diamond_boots":2,"minecraft:hay_block":70,"sophisticatedbackpacks:copper_backpack":1,"minecraft:mutton":17,"minecraft:bone_block":61,"minecraft:white_wool":10,"minecraft:rail":1,"butcher:villager_meat":3,"iceandfire:sea_serpent_fang":22,"alexsmobs:acacia_blossom":1,"spartanweaponry:iron_longsword":1,"minecraft:filled_map":3,"minecraft:torchflower":2,"minecraft:oak_log":233,"minecraft:paper":31,"minecraft:apple":10,"minecraft:stone_bricks":2,"minecraft:kelp":631,"minecraft:cobweb":9,"tombstone:bag_of_seeds":2,"minecraft:dark_oak_stairs":1,"iceandfire:copper_nugget":7,"minecraft:smooth_basalt":2,"minecraft:sweet_berries":54,"minecraft:gravel":50,"refurbished_furniture:workbench":1,"evilcraft:vengeance_ring":1,"minecraft:spruce_sapling":2,"minecraft:spruce_log":4,"minecraft:crying_obsidian":5,"tombstone:scroll_of_true_sight":1,"minecraft:purple_bed":1,"minecraft:painting":3,"minecraft:baked_potato":6,"aquaculture:synodontis":1,"alexscaves:cave_tablet":3,"minecraft:gilded_blackstone":1,"minecraft:crimson_planks":5,"minecraft:raw_copper":33,"iceandfire:sea_serpent_scales_teal":3,"minecraft:iron_leggings":1,"minecraft:purple_banner":1,"iceandfire:sea_serpent_scales_bronze":13,"alexsmobs:dropbear_claw":1,"minecraft:bucket":1,"artifacts:aqua_dashers":1,"minecraft:white_tulip":6,"minecraft:calcite":6,"minecraft:furnace":2,"minecraft:iron_boots":1,"minecraft:tipped_arrow":1,"minecraft:stick":157,"iceandfire:ghost_chest":3,"minecraft:torch":15,"minecraft:spruce_stairs":6,"minecraft:porkchop":6,"tombstone:grave_dust":21,"minecraft:diorite":3,"minecraft:rotten_flesh":104,"minecraft:mangrove_roots":1,"minecraft:obsidian":16,"minecraft:cod":1,"minecraft:cobblestone":599,"minecraft:enchanting_table":1,"minecraft:andesite":7,"minecraft:potato":234,"minecraft:tuff":75,"evilcraft:flesh_humanoid":3,"minecraft:lapis_lazuli":200,"minecraft:dirt":1066,"minecraft:leather_boots":2,"minecraft:bone":75,"minecraft:orange_tulip":8,"minecraft:wheat_seeds":10,"minecraft:raw_gold":17,"minecraft:cyan_candle":3,"slashblade:slashblade":2,"minecraft:oak_planks":33,"evilcraft:dark_gem_crushed":70,"minecraft:sand":141,"minecraft:jungle_planks":10,"minecraft:cyan_bed":1,"minecraft:diamond":3,"minecraft:soul_lantern":1,"waystones:waystone":9,"minecraft:cracked_polished_blackstone_bricks":27,"minecraft:grass":2,"minecraft:golden_apple":1,"minecraft:emerald":13,"minecraft:oak_sapling":90,"minecraft:netherrack":211,"minecraft:cocoa_beans":2,"minecraft:charcoal":8,"minecraft:gold_block":21,"minecraft:chain":1,"butcher:lamb_loin":3,"minecraft:moss_carpet":4,"minecraft:iron_axe":2,"alexscaves:cooked_tripodfish":1,"minecraft:item_frame":1,"minecraft:blackstone":21,"minecraft:cyan_carpet":16,"spartanweaponry:iron_longbow":1,"refurbished_furniture:light_electricity_generator":1,"minecraft:player_head":1,"minecraft:light_gray_wool":1,"minecraft:sugar_cane":15,"alexsmobs:skelewag_sword":1,"iceandfire:ice_dragon_heart":1,"tombstone:ankh_of_pray":3,"iceandfire:dragonbone":24,"minecraft:raw_iron":112,"iceandfire:dragonscales_gray":34,"iceandfire:dragonscales_green":26,"minecraft:bowl":2,"minecraft:note_block":1,"minecraft:polished_blackstone_bricks":47,"minecraft:purple_terracotta":1,"minecraft:dark_oak_planks":27,"minecraft:arrow":55,"minecraft:jungle_stairs":2,"alexscaves:spelunkery_table":1,"minecraft:stripped_dark_oak_wood":1,"minecraft:pink_tulip":4,"minecraft:basalt":9,"artifacts:digging_claws":1,"minecraft:salmon":5,"minecraft:leather":4,"minecraft:birch_planks":10,"minecraft:chainmail_chestplate":1,"minecraft:yellow_bed":4,"minecraft:gunpowder":106,"minecraft:wooden_hoe":1,"minecraft:cooked_mutton":3,"minecraft:red_carpet":4,"minecraft:coast_armor_trim_smithing_template":2,"minecraft:rabbit_hide":2,"minecraft:iron_ingot":65,"minecraft:cooked_chicken":1,"artifacts:kitty_slippers":1,"iceandfire:sea_serpent_scales_deepblue":8,"iceandfire:fire_dragon_flesh":14,"minecraft:acacia_sapling":5,"minecraft:book":115,"slashblade:proudsoul_tiny":5,"minecraft:chiseled_stone_bricks":2,"iceandfire:ash":4,"minecraft:quartz":86,"minecraft:dandelion":1,"minecraft:amethyst_shard":10,"minecraft:blast_furnace":3,"minecraft:white_bed":1,"minecraft:nether_brick_slab":1,"minecraft:spruce_door":2,"minecraft:mossy_stone_brick_slab":1,"minecraft:spider_eye":2,"butcher:lamb_sirloin":1,"evilcraft:dark_gem":196,"tombstone:magic_scroll":4,"minecraft:damaged_anvil":1,"minecraft:black_wool":1,"minecraft:dark_oak_wood":4,"minecraft:coal":104,"minecraft:sunflower":1},"minecraft:crafted":{"minecraft:birch_boat":1,"minecraft:diamond_shovel":2,"minecraft:cracked_stone_bricks":24,"minecraft:bookshelf":34,"evilcraft:vengeance_ring":1,"minecraft:glass":17,"explorerscompass:explorerscompass":2,"minecraft:birch_door":6,"iceandfire:armor_gray_boots":1,"minecraft:wooden_shovel":1,"minecraft:diamond_axe":1,"enchantinginfuser:enchanting_infuser":1,"slashblade:slashblade":1,"minecraft:smithing_table":1,"iceandfire:armor_gray_chestplate":1,"minecraft:stone_slab":6,"minecraft:compass":2,"minecraft:iron_pickaxe":2,"minecraft:gold_ingot":196,"slashblade:proudsoul":2,"minecraft:iron_nugget":9,"slashblade:slashblade_wood":4,"minecraft:bone_meal":111,"minecraft:wheat":630,"minecraft:netherite_pickaxe":1,"minecraft:enchanting_table":1,"minecraft:wooden_axe":1,"minecraft:iron_shovel":3,"minecraft:white_bed":1,"minecraft:grindstone":1,"minecraft:oak_planks":388,"minecraft:stone":35,"iceandfire:armor_gray_helmet":1,"minecraft:chest":20,"minecraft:stone_bricks":32,"minecraft:crafting_table":9,"minecraft:spruce_planks":8,"minecraft:wooden_pickaxe":2,"minecraft:baked_potato":114,"minecraft:birch_planks":740,"slashblade:proudsoul_ingot":2,"minecraft:book":1,"minecraft:paper":3,"minecraft:diamond_pickaxe":3,"minecraft:stick":56,"minecraft:shears":2,"minecraft:oak_door":3,"minecraft:wooden_sword":4,"minecraft:redstone":9,"minecraft:coal":45,"iceandfire:armor_gray_leggings":1,"minecraft:flint_and_steel":2,"minecraft:iron_axe":2,"minecraft:cooked_cod":1,"tombstone:ankh_of_pray":1,"minecraft:bucket":1,"minecraft:air":0,"minecraft:bread":218,"refurbished_furniture:wrench":1,"minecraft:oak_boat":2,"minecraft:acacia_planks":144,"minecraft:torch":4},"minecraft:used":{"minecraft:chest":22,"minecraft:rotten_flesh":5,"aquaculture:bluegill":1,"aquaculture:synodontis":1,"minecraft:snowball":8,"minecraft:jungle_sapling":2,"minecraft:birch_sapling":15,"iceandfire:ghost_chest":1,"minecraft:sweet_berries":56,"minecraft:furnace":1,"minecraft:cooked_cod":12,"minecraft:egg":1,"minecraft:potato":208,"aquaculture:atlantic_herring":1,"minecraft:blackstone":11,"minecraft:wooden_pickaxe":10,"alexsmobs:skelewag_sword":386,"minecraft:sand":19,"minecraft:blast_furnace":2,"minecraft:birch_slab":1,"minecraft:cyan_carpet":3,"minecraft:pufferfish":1,"alexscaves:tripodfish":1,"minecraft:smithing_table":1,"minecraft:birch_log":11,"alexscaves:lanternfish":1,"minecraft:oak_boat":2,"aquaculture:tambaqui":1,"minecraft:enchanting_table":1,"evilcraft:vengeance_pickaxe":119,"minecraft:cooked_salmon":3,"minecraft:netherrack":196,"minecraft:torch":13,"tombstone:ankh_of_pray":39,"minecraft:iron_axe":286,"slashblade:slashblade":97,"minecraft:beef":1,"tombstone:gift":11,"minecraft:acacia_planks":122,"minecraft:cobbled_deepslate":63,"alexsmobs:cooked_catfish":1,"minecraft:water_bucket":5,"tombstone:scroll_of_reach":1,"minecraft:rabbit":2,"minecraft:birch_planks":377,"minecraft:cartography_table":1,"minecraft:polished_blackstone_bricks":47,"minecraft:salmon":5,"minecraft:crafting_table":9,"minecraft:white_bed":2,"minecraft:cod":7,"aquaculture:red_shrooma":1,"minecraft:oak_log":1,"alexsmobs:flying_fish":1,"minecraft:diamond_pickaxe":1392,"aquaculture:pollock":1,"minecraft:diamond_shovel":1125,"minecraft:iron_pickaxe":358,"tombstone:magic_scroll":2,"minecraft:chiseled_stone_bricks":2,"enchantinginfuser:enchanting_infuser":2,"minecraft:cobblestone":82,"minecraft:purple_bed":1,"minecraft:porkchop":8,"minecraft:cooked_porkchop":3,"minecraft:iron_shovel":83,"aquaculture:brown_trout":1,"minecraft:iron_sword":826,"minecraft:iron_chestplate":2,"minecraft:mutton":12,"minecraft:jungle_planks":8,"minecraft:carrot":458,"minecraft:tuff":6,"minecraft:obsidian":10,"aquaculture:rainbow_trout":1,"minecraft:glass":15,"minecraft:golden_sword":7,"minecraft:magma_block":1,"alexsmobs:raw_catfish":1,"minecraft:dark_oak_stairs":1,"minecraft:torchflower":2,"minecraft:oak_planks":73,"minecraft:diamond_axe":305,"minecraft:shears":8,"waystones:waystone":9,"minecraft:cyan_bed":1,"minecraft:bread":183,"tombstone:grave_key":21,"aquaculture:pacific_halibut":2,"minecraft:gravel":22,"aquamirae:cooked_spinefish":1,"minecraft:grindstone":1,"minecraft:andesite":2,"minecraft:bone_meal":111,"minecraft:experience_bottle":4,"minecraft:flint_and_steel":2,"minecraft:spruce_planks":17,"minecraft:wooden_shovel":4,"minecraft:cooked_chicken":1,"minecraft:oak_door":16,"minecraft:dirt":974,"minecraft:spruce_stairs":1,"minecraft:diamond_helmet":1,"minecraft:granite":3,"minecraft:dark_oak_planks":3,"minecraft:birch_door":6,"minecraft:wooden_axe":24,"minecraft:bookshelf":26,"evilcraft:box_of_eternal_closure":2,"minecraft:iron_boots":1,"aquaculture:boulti":1,"aquaculture:catfish":2,"evilcraft:flesh_humanoid":3,"alexscaves:spelunkery_table":1,"butcher:lamb_loin":2,"slashblade:slashblade_wood":241,"minecraft:netherite_pickaxe":169,"alexsmobs:blobfish":1,"minecraft:cooked_mutton":3,"minecraft:baked_potato":122,"minecraft:birch_boat":1,"butcher:cooked_lamb_rib":1,"minecraft:dark_oak_door":2,"minecraft:wooden_hoe":3,"minecraft:black_wool":1,"minecraft:apple":19,"minecraft:cracked_polished_blackstone_bricks":9,"minecraft:stone_slab":1,"refurbished_furniture:light_electricity_generator":1,"refurbished_furniture:workbench":1,"butcher:lamb_sirloin":1,"minecraft:bucket":5,"minecraft:yellow_bed":3,"minecraft:pumpkin_pie":10,"spartanweaponry:iron_spear":46},"minecraft:dropped":{"iceandfire:raw_silver":1,"minecraft:lapis_lazuli":18,"minecraft:diamond":6,"minecraft:dark_oak_slab":2,"minecraft:orange_tulip":1,"minecraft:red_carpet":2,"minecraft:dirt":4,"minecraft:grass":2,"alexsmobs:skelewag_sword":1,"minecraft:chain":1,"minecraft:gold_nugget":354,"minecraft:sand":1,"minecraft:iron_pickaxe":1,"minecraft:dark_oak_planks":15,"minecraft:white_wool":1,"minecraft:bone":26,"minecraft:cobbled_deepslate":10,"alexscaves:cave_tablet":3,"minecraft:wheat":1,"minecraft:rotten_flesh":27,"minecraft:oak_planks":2,"evilcraft:flesh_humanoid":9,"iceandfire:ghost_chest":1,"spartanweaponry:iron_longsword":1,"minecraft:jungle_stairs":1,"minecraft:leather_boots":1,"minecraft:painting":1,"minecraft:spruce_slab":5,"minecraft:glass":1,"aquamirae:sharp_bones":1,"minecraft:crimson_planks":5,"minecraft:iron_ingot":172,"minecraft:wheat_seeds":8,"butcher:villager_meat":3,"evilcraft:dark_gem_crushed":27,"minecraft:prismarine_crystals":1,"minecraft:feather":11,"minecraft:oak_fence":1,"minecraft:iron_helmet":1,"minecraft:cobblestone":77,"minecraft:purple_concrete":1,"minecraft:spruce_door":2,"minecraft:wooden_hoe":1,"iceandfire:copper_nugget":7,"minecraft:wooden_axe":1,"minecraft:diamond_helmet":1,"minecraft:iron_shovel":1,"minecraft:paper":20,"minecraft:string":17,"iceandfire:dragon_skull_fire":1,"minecraft:spruce_sapling":2,"minecraft:dark_oak_sign":9,"minecraft:cocoa_beans":2,"minecraft:chicken":1,"minecraft:iron_boots":1,"minecraft:shears":2,"alexscaves:cooked_tripodfish":1,"minecraft:potato":32,"minecraft:spruce_planks":2,"minecraft:diamond_pickaxe":1,"slashblade:slashblade":1,"minecraft:wooden_shovel":1,"minecraft:barrel":1,"minecraft:spider_eye":8,"minecraft:bamboo":1,"minecraft:red_tulip":1,"minecraft:birch_planks":21,"iceandfire:fire_dragon_flesh":7,"minecraft:leather":3,"minecraft:jungle_planks":1,"minecraft:flint":1,"minecraft:cracked_polished_blackstone_bricks":7,"evilcraft:vengeance_ring":1,"minecraft:dark_oak_log":4,"minecraft:cornflower":2,"minecraft:snowball":80,"iceandfire:ash":3,"minecraft:gold_ingot":54,"minecraft:gravel":16,"minecraft:blackstone":2,"minecraft:mangrove_roots":1,"spartanweaponry:iron_heavy_crossbow":2,"spartanweaponry:iron_longbow":1,"minecraft:carrot":10,"minecraft:rabbit_hide":2,"minecraft:gunpowder":52,"minecraft:basalt":6,"minecraft:arrow":11,"minecraft:quartz":1,"minecraft:netherrack":10,"minecraft:bread":139,"minecraft:purple_terracotta":1,"iceandfire:dragonscales_green":13,"evilcraft:dark_gem":67,"minecraft:spruce_stairs":1,"tombstone:ankh_of_pray":3,"minecraft:stick":19,"butcher:sulfur":3,"minecraft:diorite":1,"minecraft:iron_door":1,"tombstone:grave_dust":13,"minecraft:iron_leggings":3,"minecraft:iron_axe":3,"iceandfire:dragonbone":5,"minecraft:redstone":5,"minecraft:blue_terracotta":5,"minecraft:kelp":1,"minecraft:tuff":45,"minecraft:light_gray_wool":1,"minecraft:filled_map":6,"minecraft:iron_chestplate":6,"minecraft:andesite":3,"minecraft:oak_sapling":2,"minecraft:diamond_boots":2,"explorerscompass:explorerscompass":1,"iceandfire:fire_dragon_heart":1,"minecraft:wooden_pickaxe":3,"minecraft:calcite":2}},"DataVersion":3465}