{"stats":{"minecraft:killed":{"minecraft:sheep":4,"evilcraft:poisonous_libelle":1,"minecraft:zombie":1,"minecraft:pig":2,"iceandfire:ghost":1,"minecraft:spider":1},"minecraft:crafted":{"minecraft:oak_planks":36,"minecraft:wooden_shovel":1,"minecraft:crafting_table":2,"minecraft:stick":4,"minecraft:wooden_pickaxe":1,"minecraft:wooden_axe":1,"minecraft:white_bed":1},"minecraft:picked_up":{"minecraft:stick":2,"minecraft:chiseled_stone_bricks":2,"minecraft:stone_slab":2,"minecraft:porkchop":4,"minecraft:oak_log":9,"minecraft:yellow_bed":1,"minecraft:white_bed":1,"minecraft:string":2,"minecraft:dirt":11,"minecraft:arrow":3,"minecraft:bone":3,"minecraft:wheat_seeds":1,"minecraft:sugar_cane":6,"minecraft:black_wool":1,"minecraft:mutton":5,"minecraft:white_wool":3,"minecraft:cobblestone":1},"minecraft:killed_by":{"minecraft:skeleton":1,"minecraft:creeper":1},"minecraft:mined":{"minecraft:yellow_bed":1,"minecraft:grass":9,"minecraft:grass_block":10,"minecraft:oak_log":4,"minecraft:dirt":2,"minecraft:stone_slab":3,"minecraft:tall_grass":1,"minecraft:cobblestone":1,"minecraft:sugar_cane":6,"minecraft:chiseled_stone_bricks":2},"minecraft:used":{"minecraft:wooden_axe":24,"minecraft:black_wool":1,"minecraft:oak_planks":1,"minecraft:stone_slab":1,"minecraft:wooden_pickaxe":6,"evilcraft:flesh_humanoid":2,"minecraft:rotten_flesh":1,"minecraft:chiseled_stone_bricks":2,"minecraft:cobblestone":1,"minecraft:dirt":11,"minecraft:mutton":5,"minecraft:crafting_table":2,"minecraft:porkchop":4,"minecraft:white_bed":2},"minecraft:custom":{"minecraft:time_since_rest":9163,"minecraft:interact_with_furnace":1,"minecraft:sprint_one_cm":47211,"minecraft:damage_taken":860,"minecraft:walk_one_cm":38513,"minecraft:mob_kills":12,"minecraft:damage_dealt":1366,"minecraft:swim_one_cm":16891,"minecraft:interact_with_crafting_table":4,"minecraft:player_kills":1,"minecraft:fly_one_cm":139326,"minecraft:open_chest":4,"minecraft:crouch_one_cm":808,"minecraft:play_time":27248,"tombstone:undead_killed":2,"minecraft:deaths":2,"minecraft:sneak_time":302,"minecraft:walk_under_water_one_cm":1908,"minecraft:jump":543,"minecraft:time_since_death":10586,"minecraft:walk_on_water_one_cm":3774,"minecraft:sleep_in_bed":2,"minecraft:climb_one_cm":20456,"minecraft:total_world_time":27248,"minecraft:fall_one_cm":10559}},"DataVersion":3465}