{"stats":{"minecraft:dropped":{"minecraft:birch_planks":1,"minecraft:lapis_lazuli":18,"minecraft:orange_tulip":1,"minecraft:red_carpet":1,"minecraft:cornflower":1,"minecraft:chain":1,"minecraft:sand":1,"minecraft:iron_pickaxe":1,"minecraft:dark_oak_planks":15,"minecraft:white_wool":1,"minecraft:bone":23,"minecraft:gravel":10,"alexscaves:cave_tablet":3,"minecraft:rotten_flesh":5,"minecraft:oak_planks":1,"evilcraft:flesh_humanoid":2,"iceandfire:ghost_chest":1,"minecraft:jungle_stairs":1,"minecraft:arrow":3,"minecraft:glass":1,"aquamirae:sharp_bones":1,"minecraft:iron_ingot":11,"minecraft:bread":138,"minecraft:wheat_seeds":2,"butcher:villager_meat":3,"minecraft:iron_helmet":1,"minecraft:cobblestone":66,"minecraft:prismarine_crystals":1,"minecraft:spruce_door":2,"tombstone:ankh_of_pray":2,"minecraft:stick":5,"butcher:sulfur":3,"minecraft:wooden_hoe":1,"minecraft:wooden_axe":1,"tombstone:grave_dust":3,"minecraft:iron_axe":3,"minecraft:paper":10,"minecraft:string":7,"minecraft:kelp":1,"minecraft:dark_oak_sign":9,"minecraft:cocoa_beans":2,"minecraft:chicken":1,"minecraft:iron_boots":1,"alexscaves:cooked_tripodfish":1,"minecraft:filled_map":3,"minecraft:potato":32,"minecraft:iron_chestplate":3,"minecraft:wooden_shovel":1,"minecraft:barrel":1,"minecraft:spider_eye":8,"minecraft:bamboo":1,"minecraft:wooden_pickaxe":2,"minecraft:red_tulip":1,"minecraft:calcite":2},"minecraft:broken":{"slashblade:slashblade_wood":1,"minecraft:iron_axe":1,"minecraft:leather_boots":1,"minecraft:iron_helmet":1},"minecraft:killed":{"minecraft:spider":6,"minecraft:skeleton":22,"minecraft:silverfish":1,"artifacts:mimic":3,"minecraft:parrot":1,"minecraft:pig":3,"minecraft:iron_golem":1,"minecraft:sheep":7,"minecraft:zombie":20,"iceandfire:sea_serpent":3,"minecraft:husk":9,"minecraft:squid":1,"evilcraft:poisonous_libelle":1,"iceandfire:ghost":3},"minecraft:crafted":{"minecraft:oak_planks":104,"minecraft:stone":32,"minecraft:cracked_stone_bricks":4,"minecraft:glass":16,"explorerscompass:explorerscompass":1,"minecraft:chest":5,"minecraft:stone_bricks":4,"minecraft:wooden_shovel":1,"minecraft:crafting_table":5,"minecraft:wooden_pickaxe":2,"minecraft:baked_potato":38,"minecraft:book":1,"minecraft:diamond_pickaxe":1,"minecraft:stick":32,"minecraft:compass":1,"minecraft:iron_pickaxe":2,"minecraft:gold_ingot":15,"minecraft:shears":1,"minecraft:wooden_sword":2,"minecraft:coal":45,"slashblade:slashblade_wood":2,"minecraft:bone_meal":111,"minecraft:flint_and_steel":1,"minecraft:iron_axe":2,"minecraft:wheat":567,"minecraft:cooked_cod":1,"minecraft:enchanting_table":1,"minecraft:bucket":1,"minecraft:air":0,"minecraft:bread":191,"minecraft:wooden_axe":1,"minecraft:iron_shovel":3,"minecraft:white_bed":1},"minecraft:picked_up":{"minecraft:iron_chestplate":3,"aquaculture:synodontis":1,"minecraft:lead":4,"minecraft:stone_slab":2,"alexscaves:cave_tablet":3,"iceandfire:sea_serpent_scales_teal":3,"minecraft:string":7,"minecraft:raw_copper":2,"iceandfire:sea_serpent_scales_bronze":13,"minecraft:beetroot":1,"minecraft:cobbled_deepslate":64,"minecraft:spruce_planks":17,"artifacts:aqua_dashers":1,"minecraft:calcite":2,"minecraft:coal_block":5,"minecraft:furnace":2,"minecraft:iron_boots":1,"minecraft:stick":7,"iceandfire:ghost_chest":2,"minecraft:torch":1,"minecraft:spruce_stairs":3,"minecraft:porkchop":6,"tombstone:grave_dust":4,"minecraft:rotten_flesh":40,"minecraft:red_tulip":1,"minecraft:obsidian":16,"minecraft:iron_bars":1,"minecraft:cobblestone":98,"minecraft:birch_log":20,"minecraft:feather":2,"minecraft:birch_slab":7,"minecraft:jungle_log":18,"minecraft:potato":150,"minecraft:flint":2,"evilcraft:flesh_humanoid":2,"minecraft:lapis_lazuli":160,"minecraft:dirt":78,"minecraft:leather_boots":1,"minecraft:bone":47,"minecraft:orange_tulip":1,"minecraft:wheat_seeds":2,"minecraft:raw_gold":12,"minecraft:dark_oak_sign":9,"minecraft:cyan_candle":3,"minecraft:oak_planks":27,"butcher:cooked_lamb_rib":1,"minecraft:jungle_planks":1,"minecraft:sand":20,"minecraft:ink_sac":8,"minecraft:cyan_bed":1,"minecraft:barrel":1,"butcher:sulfur":3,"minecraft:bundle":1,"minecraft:diamond":3,"minecraft:soul_lantern":1,"minecraft:granite":5,"minecraft:grass":2,"minecraft:golden_apple":1,"minecraft:emerald":1,"minecraft:bread":33,"minecraft:golden_horse_armor":1,"minecraft:oak_sapling":2,"minecraft:cocoa_beans":2,"minecraft:chain":1,"iceandfire:sea_serpent_scales_blue":2,"minecraft:cornflower":2,"butcher:lamb_loin":3,"minecraft:iron_axe":2,"alexscaves:cooked_tripodfish":1,"minecraft:item_frame":1,"minecraft:cyan_carpet":16,"minecraft:cartography_table":1,"minecraft:jungle_sapling":2,"minecraft:spruce_slab":1,"alexsmobs:skelewag_sword":1,"minecraft:chest":3,"minecraft:sugar_cane":15,"minecraft:birch_sapling":5,"minecraft:egg":1,"tombstone:ankh_of_pray":2,"minecraft:raw_iron":78,"minecraft:sandstone":14,"minecraft:raw_gold_block":3,"minecraft:note_block":1,"minecraft:carrot":6,"minecraft:redstone":108,"minecraft:dark_oak_planks":16,"minecraft:arrow":28,"minecraft:beetroot_seeds":4,"minecraft:jungle_stairs":1,"minecraft:hay_block":63,"minecraft:mutton":10,"minecraft:white_wool":6,"minecraft:rail":1,"butcher:villager_meat":3,"iceandfire:sea_serpent_fang":22,"artifacts:digging_claws":1,"minecraft:filled_map":2,"minecraft:birch_planks":2,"minecraft:torchflower":2,"minecraft:oak_log":25,"minecraft:yellow_bed":4,"minecraft:wooden_hoe":1,"minecraft:paper":21,"minecraft:cooked_mutton":3,"minecraft:red_carpet":1,"minecraft:coast_armor_trim_smithing_template":2,"minecraft:apple":1,"minecraft:kelp":347,"minecraft:iron_ingot":23,"minecraft:cooked_chicken":1,"minecraft:cobweb":6,"artifacts:kitty_slippers":1,"iceandfire:sea_serpent_scales_deepblue":8,"slashblade:proudsoul_tiny":1,"minecraft:book":108,"minecraft:chiseled_stone_bricks":2,"minecraft:gravel":16,"minecraft:blast_furnace":3,"minecraft:white_bed":1,"minecraft:nether_brick_slab":1,"minecraft:spruce_door":2,"tombstone:scroll_of_true_sight":1,"butcher:lamb_sirloin":1,"evilcraft:dark_gem":21,"minecraft:baked_potato":6,"tombstone:magic_scroll":2,"minecraft:damaged_anvil":1,"minecraft:black_wool":1,"minecraft:coal":6,"minecraft:sunflower":1},"minecraft:killed_by":{"minecraft:creeper":1,"iceandfire:sea_serpent":28,"minecraft:vindicator":2,"artifacts:mimic":1,"minecraft:zombie":4,"minecraft:husk":3,"minecraft:player":1,"minecraft:iron_golem":2,"minecraft:skeleton":5},"minecraft:mined":{"minecraft:dark_oak_planks":16,"minecraft:spruce_planks":19,"minecraft:farmland":1,"minecraft:jungle_slab":1,"minecraft:sculk_vein":3,"minecraft:obsidian":16,"minecraft:spruce_trapdoor":1,"minecraft:granite":5,"minecraft:grass_block":33,"minecraft:coal_block":5,"minecraft:chiseled_stone_bricks":2,"minecraft:spawner":16,"minecraft:tall_seagrass":4,"minecraft:cobbled_deepslate":2,"minecraft:iron_ore":31,"minecraft:fire":5,"minecraft:barrel":1,"minecraft:deepslate_lapis_ore":20,"minecraft:red_tulip":1,"minecraft:dirt_path":3,"minecraft:iron_bars":1,"minecraft:spruce_slab":2,"minecraft:deepslate_redstone_ore":23,"minecraft:kelp_plant":61,"minecraft:note_block":1,"minecraft:jungle_stairs":2,"minecraft:blast_furnace":3,"minecraft:calcite":4,"minecraft:poppy":1,"iceandfire:ghost_chest":2,"minecraft:chest":3,"minecraft:nether_brick_slab":1,"minecraft:glass":1,"minecraft:cobblestone":1,"minecraft:cyan_bed":1,"minecraft:sugar_cane":9,"minecraft:oak_planks":2,"minecraft:damaged_anvil":1,"minecraft:wall_torch":1,"minecraft:birch_sapling":3,"minecraft:birch_log":1,"evilcraft:dark_ore_deepslate":2,"butcher:sulfurore":1,"minecraft:grass":16,"minecraft:oak_log":8,"minecraft:beetroots":1,"minecraft:sand":19,"minecraft:dirt":31,"minecraft:potted_red_tulip":1,"minecraft:oak_leaves":7,"minecraft:cyan_candle":1,"minecraft:deepslate":67,"minecraft:infested_deepslate":1,"minecraft:dark_oak_leaves":1,"minecraft:deepslate_diamond_ore":3,"minecraft:jungle_planks":4,"minecraft:birch_slab":2,"minecraft:cartography_table":1,"minecraft:kelp":6,"minecraft:sandstone":14,"minecraft:hay_block":63,"minecraft:furnace":2,"minecraft:carrots":4,"minecraft:jungle_sapling":2,"minecraft:raw_gold_block":3,"evilcraft:dark_ore":4,"minecraft:bookshelf":36,"minecraft:potatoes":46,"minecraft:deepslate_iron_ore":48,"minecraft:vine":1,"minecraft:stone":91,"minecraft:birch_stairs":1,"minecraft:spruce_door":1,"minecraft:stone_slab":3,"minecraft:tall_grass":6,"minecraft:copper_ore":1,"minecraft:lapis_ore":7,"minecraft:deepslate_gold_ore":14,"minecraft:sculk":3,"minecraft:spruce_stairs":3,"minecraft:birch_planks":2,"minecraft:torchflower":2,"minecraft:yellow_bed":4,"minecraft:coal_ore":7,"minecraft:sunflower":1,"minecraft:gravel":21,"minecraft:cyan_carpet":16,"minecraft:gray_carpet":1,"minecraft:cobweb":4},"minecraft:custom":{"minecraft:interact_with_crafting_table":31,"minecraft:open_barrel":76,"minecraft:leave_game":10,"minecraft:time_since_death":69125,"minecraft:damage_resisted":120,"minecraft:sprint_one_cm":831873,"minecraft:drop":118,"minecraft:play_noteblock":2,"minecraft:talked_to_villager":2,"minecraft:play_time":293253,"minecraft:deaths":48,"minecraft:jump":5601,"minecraft:walk_on_water_one_cm":89703,"minecraft:interact_with_furnace":35,"minecraft:interact_with_cartography_table":6,"minecraft:sleep_in_bed":9,"minecraft:damage_dealt":24714,"minecraft:player_kills":4,"minecraft:crouch_one_cm":16127,"tombstone:undead_killed":54,"minecraft:inspect_dispenser":1,"minecraft:interact_with_smithing_table":1,"minecraft:mob_kills":83,"minecraft:damage_dealt_resisted":62,"minecraft:climb_one_cm":23416,"minecraft:walk_one_cm":628642,"minecraft:damage_dealt_absorbed":52,"minecraft:sneak_time":6159,"minecraft:walk_under_water_one_cm":120040,"minecraft:interact_with_blast_furnace":16,"minecraft:total_world_time":293253,"tombstone:raider_killed":3,"minecraft:tune_noteblock":1,"minecraft:interact_with_grindstone":1,"tombstone:pray_on_grave":1,"minecraft:time_since_rest":68909,"minecraft:damage_taken":23991,"minecraft:trigger_trapped_chest":2,"minecraft:swim_one_cm":378261,"minecraft:fly_one_cm":1205010,"minecraft:open_chest":197,"minecraft:fall_one_cm":167949},"minecraft:used":{"minecraft:iron_shovel":83,"minecraft:chest":9,"minecraft:rotten_flesh":5,"aquaculture:bluegill":1,"minecraft:mutton":5,"minecraft:carrot":3,"aquaculture:synodontis":1,"minecraft:obsidian":10,"aquaculture:rainbow_trout":1,"minecraft:jungle_sapling":2,"minecraft:glass":15,"minecraft:birch_sapling":5,"iceandfire:ghost_chest":1,"minecraft:furnace":1,"minecraft:cooked_cod":11,"minecraft:potato":112,"alexsmobs:raw_catfish":1,"minecraft:torchflower":2,"aquaculture:atlantic_herring":1,"minecraft:oak_planks":7,"minecraft:wooden_pickaxe":10,"alexsmobs:skelewag_sword":252,"minecraft:sand":19,"minecraft:blast_furnace":2,"minecraft:shears":5,"minecraft:birch_slab":1,"minecraft:cyan_bed":1,"minecraft:bread":99,"minecraft:cyan_carpet":3,"aquaculture:pacific_halibut":1,"minecraft:gravel":6,"minecraft:pufferfish":1,"aquamirae:cooked_spinefish":1,"alexscaves:tripodfish":1,"minecraft:birch_log":11,"alexscaves:lanternfish":1,"minecraft:bone_meal":111,"minecraft:enchanting_table":1,"minecraft:flint_and_steel":1,"minecraft:wooden_shovel":4,"minecraft:cooked_salmon":3,"minecraft:cooked_chicken":1,"minecraft:dirt":68,"minecraft:granite":3,"minecraft:dark_oak_planks":1,"minecraft:wooden_axe":24,"tombstone:ankh_of_pray":3,"minecraft:iron_axe":286,"aquaculture:boulti":1,"aquaculture:catfish":1,"evilcraft:flesh_humanoid":3,"butcher:lamb_loin":1,"slashblade:slashblade_wood":61,"tombstone:gift":5,"minecraft:cobbled_deepslate":63,"alexsmobs:blobfish":1,"minecraft:water_bucket":5,"minecraft:baked_potato":32,"minecraft:cartography_table":1,"butcher:cooked_lamb_rib":1,"minecraft:crafting_table":5,"minecraft:white_bed":2,"minecraft:cod":7,"alexsmobs:flying_fish":1,"aquaculture:red_shrooma":1,"minecraft:oak_log":1,"minecraft:wooden_hoe":3,"minecraft:diamond_pickaxe":63,"minecraft:black_wool":1,"aquaculture:pollock":1,"minecraft:iron_pickaxe":358,"tombstone:magic_scroll":2,"minecraft:stone_slab":1,"minecraft:chiseled_stone_bricks":2,"minecraft:cobblestone":11,"butcher:lamb_sirloin":1,"minecraft:porkchop":6,"minecraft:bucket":5,"minecraft:yellow_bed":3}},"DataVersion":3465}