{"stats":{"minecraft:picked_up":{"minecraft:dirt":4},"minecraft:mined":{"minecraft:grass_block":3,"minecraft:dirt":2},"minecraft:used":{"minecraft:dirt":4},"minecraft:custom":{"minecraft:jump":44,"minecraft:time_since_rest":3248,"minecraft:crouch_one_cm":13,"minecraft:sprint_one_cm":2890,"minecraft:play_time":3248,"minecraft:time_since_death":3248,"minecraft:walk_one_cm":2503,"minecraft:climb_one_cm":17319,"minecraft:sneak_time":14,"minecraft:total_world_time":3248,"minecraft:fall_one_cm":418,"minecraft:fly_one_cm":10578}},"DataVersion":3465}