{"stats":{"minecraft:dropped":{"minecraft:iron_ingot":11,"minecraft:wheat_seeds":1,"minecraft:lapis_lazuli":18,"butcher:villager_meat":3,"minecraft:cobblestone":1,"minecraft:prismarine_crystals":1,"butcher:sulfur":3,"minecraft:wooden_hoe":1,"minecraft:wooden_axe":1,"tombstone:grave_dust":3,"minecraft:iron_axe":1,"minecraft:sand":1,"minecraft:iron_pickaxe":1,"minecraft:paper":8,"minecraft:string":7,"minecraft:bone":23,"minecraft:gravel":2,"alexscaves:cave_tablet":3,"evilcraft:flesh_humanoid":2,"minecraft:potato":32,"minecraft:wooden_shovel":1,"minecraft:bamboo":1,"minecraft:spider_eye":8,"minecraft:arrow":3,"minecraft:wooden_pickaxe":2},"minecraft:broken":{"minecraft:leather_boots":1},"minecraft:killed":{"minecraft:spider":4,"minecraft:skeleton":7,"minecraft:silverfish":1,"artifacts:mimic":3,"minecraft:pig":2,"minecraft:iron_golem":1,"minecraft:sheep":4,"evilcraft:poisonous_libelle":1,"minecraft:zombie":11,"iceandfire:ghost":1,"iceandfire:sea_serpent":1},"minecraft:crafted":{"minecraft:oak_planks":92,"minecraft:bone_meal":111,"minecraft:iron_axe":1,"minecraft:chest":5,"minecraft:wheat":162,"minecraft:cooked_cod":1,"minecraft:wooden_shovel":1,"minecraft:crafting_table":5,"minecraft:wooden_pickaxe":2,"minecraft:baked_potato":22,"minecraft:bread":54,"minecraft:air":0,"minecraft:diamond_pickaxe":1,"minecraft:stick":24,"minecraft:iron_pickaxe":2,"minecraft:wooden_axe":1,"minecraft:iron_shovel":2,"minecraft:white_bed":1},"minecraft:picked_up":{"minecraft:stone_slab":2,"alexscaves:cave_tablet":3,"iceandfire:sea_serpent_scales_blue":2,"minecraft:string":5,"butcher:lamb_loin":1,"minecraft:iron_axe":1,"minecraft:beetroot":1,"iceandfire:sea_serpent_scales_bronze":13,"minecraft:cartography_table":1,"minecraft:cobbled_deepslate":64,"artifacts:aqua_dashers":1,"minecraft:chest":2,"minecraft:sugar_cane":15,"minecraft:furnace":2,"minecraft:stick":3,"minecraft:raw_iron":76,"minecraft:sandstone":1,"minecraft:torch":1,"minecraft:porkchop":4,"tombstone:grave_dust":2,"minecraft:carrot":6,"minecraft:redstone":108,"minecraft:rotten_flesh":15,"minecraft:arrow":11,"minecraft:beetroot_seeds":4,"minecraft:hay_block":18,"minecraft:mutton":5,"minecraft:rail":1,"minecraft:cobblestone":24,"minecraft:white_wool":3,"butcher:villager_meat":3,"iceandfire:sea_serpent_fang":7,"artifacts:digging_claws":1,"minecraft:potato":149,"minecraft:filled_map":1,"minecraft:oak_log":23,"evilcraft:flesh_humanoid":2,"minecraft:yellow_bed":4,"minecraft:wooden_hoe":1,"minecraft:lapis_lazuli":146,"minecraft:dirt":24,"minecraft:paper":19,"minecraft:leather_boots":1,"minecraft:coast_armor_trim_smithing_template":2,"minecraft:bone":30,"minecraft:apple":1,"minecraft:kelp":1,"minecraft:wheat_seeds":1,"minecraft:raw_gold":12,"minecraft:iron_ingot":23,"artifacts:kitty_slippers":1,"minecraft:oak_planks":24,"butcher:cooked_lamb_rib":1,"minecraft:chiseled_stone_bricks":2,"minecraft:gravel":3,"minecraft:sand":8,"minecraft:blast_furnace":2,"minecraft:white_bed":1,"minecraft:cyan_bed":1,"tombstone:scroll_of_true_sight":1,"butcher:sulfur":3,"butcher:lamb_sirloin":1,"minecraft:diamond":3,"evilcraft:dark_gem":4,"minecraft:granite":3,"minecraft:golden_horse_armor":1,"tombstone:magic_scroll":1,"minecraft:oak_sapling":2,"minecraft:damaged_anvil":1,"minecraft:black_wool":1,"minecraft:coal":6},"minecraft:killed_by":{"minecraft:player":1,"minecraft:creeper":1,"minecraft:iron_golem":2,"iceandfire:sea_serpent":9,"minecraft:skeleton":5,"artifacts:mimic":1,"minecraft:zombie":3},"minecraft:mined":{"minecraft:infested_deepslate":1,"minecraft:farmland":1,"minecraft:deepslate_diamond_ore":3,"minecraft:sculk_vein":3,"minecraft:granite":3,"minecraft:grass_block":13,"minecraft:cartography_table":1,"minecraft:kelp":2,"minecraft:sandstone":1,"minecraft:chiseled_stone_bricks":2,"minecraft:hay_block":18,"minecraft:furnace":2,"minecraft:carrots":2,"minecraft:iron_ore":29,"minecraft:cobbled_deepslate":2,"minecraft:fire":5,"minecraft:deepslate_lapis_ore":20,"minecraft:potatoes":46,"minecraft:deepslate_iron_ore":48,"minecraft:dirt_path":3,"minecraft:stone":24,"minecraft:deepslate_redstone_ore":23,"minecraft:kelp_plant":2,"minecraft:blast_furnace":2,"minecraft:poppy":1,"minecraft:chest":2,"minecraft:stone_slab":3,"minecraft:tall_grass":1,"minecraft:cobblestone":1,"minecraft:lapis_ore":5,"minecraft:cyan_bed":1,"minecraft:deepslate_gold_ore":14,"minecraft:sugar_cane":9,"minecraft:damaged_anvil":1,"minecraft:sculk":3,"minecraft:wall_torch":1,"evilcraft:dark_ore_deepslate":2,"butcher:sulfurore":1,"minecraft:yellow_bed":4,"minecraft:grass":12,"minecraft:oak_log":7,"minecraft:coal_ore":7,"minecraft:beetroots":1,"minecraft:gravel":3,"minecraft:sand":6,"minecraft:dirt":3,"minecraft:potted_red_tulip":1,"minecraft:deepslate":67},"minecraft:used":{"minecraft:iron_shovel":9,"minecraft:chest":5,"minecraft:wooden_shovel":4,"minecraft:rotten_flesh":1,"minecraft:dirt":19,"minecraft:mutton":5,"minecraft:carrot":3,"minecraft:granite":3,"minecraft:wooden_axe":24,"minecraft:iron_axe":119,"evilcraft:flesh_humanoid":3,"minecraft:furnace":1,"minecraft:cooked_cod":1,"tombstone:gift":4,"minecraft:potato":112,"minecraft:cobbled_deepslate":63,"minecraft:baked_potato":6,"minecraft:oak_planks":6,"minecraft:cartography_table":1,"minecraft:wooden_pickaxe":10,"butcher:cooked_lamb_rib":1,"minecraft:crafting_table":5,"minecraft:blast_furnace":2,"minecraft:white_bed":2,"minecraft:cod":7,"minecraft:wooden_hoe":3,"minecraft:diamond_pickaxe":12,"minecraft:black_wool":1,"minecraft:bread":42,"minecraft:cyan_bed":1,"minecraft:iron_pickaxe":262,"tombstone:magic_scroll":2,"minecraft:stone_slab":1,"minecraft:gravel":1,"minecraft:chiseled_stone_bricks":2,"minecraft:cobblestone":11,"butcher:lamb_sirloin":1,"minecraft:porkchop":4,"minecraft:yellow_bed":3,"minecraft:bone_meal":111},"minecraft:custom":{"minecraft:interact_with_smithing_table":1,"minecraft:mob_kills":38,"minecraft:interact_with_crafting_table":17,"minecraft:open_barrel":10,"minecraft:damage_dealt_resisted":40,"minecraft:leave_game":4,"minecraft:time_since_death":19726,"minecraft:climb_one_cm":20456,"minecraft:sprint_one_cm":270079,"minecraft:walk_one_cm":269705,"minecraft:drop":59,"minecraft:talked_to_villager":2,"minecraft:play_time":128255,"minecraft:deaths":23,"minecraft:sneak_time":4023,"minecraft:walk_under_water_one_cm":22483,"minecraft:jump":2806,"minecraft:interact_with_blast_furnace":8,"minecraft:walk_on_water_one_cm":38533,"minecraft:total_world_time":128255,"minecraft:interact_with_furnace":16,"tombstone:raider_killed":3,"minecraft:interact_with_cartography_table":4,"minecraft:sleep_in_bed":8,"minecraft:time_since_rest":18455,"minecraft:damage_taken":10611,"minecraft:damage_dealt":9949,"minecraft:swim_one_cm":157644,"minecraft:fly_one_cm":545011,"minecraft:player_kills":3,"minecraft:open_chest":39,"minecraft:crouch_one_cm":12044,"tombstone:undead_killed":19,"minecraft:fall_one_cm":82543}},"DataVersion":3465}