{"stats":{"minecraft:killed":{"minecraft:sheep":4,"iceandfire:ghost":1},"minecraft:crafted":{"minecraft:white_bed":1,"minecraft:oak_planks":16,"minecraft:crafting_table":1,"minecraft:stick":4,"minecraft:wooden_pickaxe":1,"minecraft:wooden_axe":1},"minecraft:picked_up":{"minecraft:wheat_seeds":1,"minecraft:oak_log":4,"minecraft:black_wool":1,"minecraft:sugar_cane":6,"minecraft:mutton":5,"minecraft:dirt":4,"minecraft:white_wool":3},"minecraft:killed_by":{"minecraft:creeper":1},"minecraft:mined":{"minecraft:grass":3,"minecraft:grass_block":3,"minecraft:oak_log":4,"minecraft:dirt":2,"minecraft:sugar_cane":6},"minecraft:used":{"minecraft:wooden_axe":4,"minecraft:dirt":4,"minecraft:mutton":5,"minecraft:crafting_table":1,"minecraft:white_bed":1},"minecraft:custom":{"minecraft:deaths":1,"minecraft:time_since_rest":1,"tombstone:undead_killed":1,"minecraft:crouch_one_cm":161,"minecraft:play_time":15248,"minecraft:sprint_one_cm":9335,"minecraft:damage_taken":360,"minecraft:walk_one_cm":16206,"minecraft:sneak_time":42,"minecraft:mob_kills":5,"minecraft:jump":181,"minecraft:damage_dealt":579,"minecraft:walk_on_water_one_cm":536,"minecraft:time_since_death":303,"minecraft:sleep_in_bed":1,"minecraft:total_world_time":15248,"minecraft:climb_one_cm":20263,"minecraft:interact_with_crafting_table":2,"minecraft:fly_one_cm":40059,"minecraft:fall_one_cm":2148,"minecraft:player_kills":1}},"DataVersion":3465}