{"stats":{"minecraft:dropped":{"minecraft:wheat_seeds":1,"alexscaves:cave_tablet":3,"minecraft:cobblestone":1,"minecraft:prismarine_crystals":1,"minecraft:wooden_axe":1,"minecraft:wooden_shovel":1,"minecraft:bamboo":1,"minecraft:sand":1,"minecraft:arrow":3,"minecraft:wooden_pickaxe":2,"minecraft:string":4,"minecraft:bone":23},"minecraft:killed":{"minecraft:pig":2,"minecraft:spider":1,"minecraft:sheep":4,"minecraft:zombie":2,"evilcraft:poisonous_libelle":1,"iceandfire:ghost":1},"minecraft:crafted":{"minecraft:oak_planks":48,"minecraft:wooden_shovel":1,"minecraft:crafting_table":4,"minecraft:wooden_pickaxe":2,"minecraft:bread":54,"minecraft:iron_axe":1,"minecraft:stick":16,"minecraft:iron_pickaxe":1,"minecraft:wooden_axe":1,"minecraft:iron_shovel":1,"minecraft:white_bed":1,"minecraft:wheat":162},"minecraft:picked_up":{"minecraft:stone_slab":2,"alexscaves:cave_tablet":3,"minecraft:oak_log":12,"evilcraft:flesh_humanoid":1,"minecraft:yellow_bed":1,"minecraft:dirt":11,"minecraft:string":4,"butcher:lamb_loin":1,"minecraft:leather_boots":1,"minecraft:bone":26,"minecraft:wheat_seeds":1,"minecraft:iron_ingot":18,"minecraft:sugar_cane":6,"minecraft:stick":2,"minecraft:sandstone":1,"butcher:cooked_lamb_rib":1,"minecraft:chiseled_stone_bricks":2,"minecraft:porkchop":4,"minecraft:sand":8,"minecraft:white_bed":1,"butcher:lamb_sirloin":1,"minecraft:arrow":6,"minecraft:hay_block":18,"minecraft:golden_horse_armor":1,"minecraft:black_wool":1,"minecraft:mutton":5,"minecraft:white_wool":3,"minecraft:cobblestone":2},"minecraft:killed_by":{"minecraft:skeleton":1,"minecraft:creeper":1},"minecraft:mined":{"minecraft:grass_block":10,"minecraft:stone_slab":3,"minecraft:tall_grass":1,"minecraft:cobblestone":1,"minecraft:sugar_cane":6,"minecraft:sandstone":1,"minecraft:chiseled_stone_bricks":2,"minecraft:hay_block":18,"minecraft:yellow_bed":1,"minecraft:grass":11,"minecraft:oak_log":7,"minecraft:sand":6,"minecraft:dirt":2,"minecraft:stone":2},"minecraft:used":{"minecraft:oak_planks":5,"minecraft:wooden_pickaxe":10,"minecraft:wooden_shovel":4,"minecraft:rotten_flesh":1,"minecraft:dirt":11,"minecraft:mutton":5,"minecraft:crafting_table":4,"minecraft:white_bed":2,"minecraft:wooden_axe":24,"minecraft:black_wool":1,"minecraft:iron_axe":2,"minecraft:bread":2,"minecraft:stone_slab":1,"evilcraft:flesh_humanoid":2,"minecraft:chiseled_stone_bricks":2,"minecraft:cobblestone":1,"minecraft:porkchop":4,"tombstone:gift":2,"minecraft:yellow_bed":1},"minecraft:custom":{"minecraft:interact_with_smithing_table":1,"minecraft:interact_with_furnace":1,"minecraft:mob_kills":13,"minecraft:interact_with_crafting_table":8,"minecraft:time_since_death":10058,"minecraft:sleep_in_bed":3,"minecraft:climb_one_cm":20456,"minecraft:time_since_rest":2776,"minecraft:sprint_one_cm":67397,"minecraft:damage_taken":1060,"minecraft:walk_one_cm":59337,"minecraft:drop":14,"minecraft:damage_dealt":1539,"minecraft:swim_one_cm":16891,"minecraft:fly_one_cm":172221,"minecraft:player_kills":1,"minecraft:open_chest":8,"minecraft:crouch_one_cm":1105,"minecraft:play_time":39248,"tombstone:undead_killed":3,"minecraft:deaths":3,"minecraft:sneak_time":357,"minecraft:walk_under_water_one_cm":1908,"minecraft:jump":700,"minecraft:walk_on_water_one_cm":3958,"minecraft:total_world_time":39248,"minecraft:fall_one_cm":15184}},"DataVersion":3465}