{"stats":{"minecraft:killed_by":{"minecraft:ghast":1,"minecraft:creeper":1,"minecraft:pillager":3,"minecraft:magma_cube":1,"iceandfire:sea_serpent":28,"minecraft:vindicator":7,"alexsmobs:crocodile":1,"iceandfire:ice_dragon":5,"artifacts:mimic":1,"minecraft:zombie":4,"iceandfire:fire_dragon":5,"minecraft:husk":3,"minecraft:player":1,"minecraft:iron_golem":2,"minecraft:hoglin":1,"minecraft:skeleton":6},"minecraft:crafted":{"minecraft:oak_planks":388,"minecraft:stone":32,"minecraft:diamond_shovel":1,"minecraft:cracked_stone_bricks":24,"evilcraft:vengeance_ring":1,"minecraft:glass":17,"explorerscompass:explorerscompass":2,"iceandfire:armor_gray_helmet":1,"minecraft:chest":12,"minecraft:stone_bricks":32,"iceandfire:armor_gray_boots":1,"minecraft:wooden_shovel":1,"minecraft:diamond_axe":1,"minecraft:crafting_table":8,"minecraft:spruce_planks":8,"slashblade:slashblade":1,"minecraft:wooden_pickaxe":2,"minecraft:baked_potato":39,"slashblade:proudsoul_ingot":2,"iceandfire:armor_gray_chestplate":1,"minecraft:book":1,"minecraft:diamond_pickaxe":2,"minecraft:stick":40,"minecraft:compass":2,"minecraft:iron_pickaxe":2,"minecraft:gold_ingot":195,"slashblade:proudsoul":2,"minecraft:shears":2,"minecraft:wooden_sword":4,"minecraft:oak_door":3,"minecraft:redstone":9,"minecraft:coal":45,"iceandfire:armor_gray_leggings":1,"minecraft:iron_nugget":9,"slashblade:slashblade_wood":4,"minecraft:bone_meal":111,"minecraft:flint_and_steel":2,"minecraft:iron_axe":2,"minecraft:wheat":630,"minecraft:cooked_cod":1,"minecraft:enchanting_table":1,"minecraft:bucket":1,"minecraft:air":0,"minecraft:bread":218,"refurbished_furniture:wrench":1,"minecraft:oak_boat":2,"minecraft:wooden_axe":1,"minecraft:iron_shovel":3,"minecraft:white_bed":1,"minecraft:torch":4},"minecraft:mined":{"minecraft:dark_oak_planks":28,"minecraft:spruce_planks":32,"minecraft:oak_sapling":5,"minecraft:farmland":3,"minecraft:mossy_stone_brick_slab":1,"minecraft:jungle_slab":1,"minecraft:sculk_vein":3,"minecraft:obsidian":16,"minecraft:spruce_trapdoor":1,"minecraft:granite":5,"minecraft:grass_block":666,"minecraft:cracked_polished_blackstone_bricks":29,"waystones:waystone":1,"minecraft:coal_block":5,"minecraft:gilded_blackstone":1,"minecraft:oxeye_daisy":1,"minecraft:chiseled_stone_bricks":2,"minecraft:spawner":36,"minecraft:tall_seagrass":5,"minecraft:polished_blackstone_bricks":50,"minecraft:magma_block":2,"minecraft:glowstone":39,"minecraft:iron_ore":49,"minecraft:barrel":2,"minecraft:fire":7,"minecraft:cobbled_deepslate":2,"minecraft:deepslate_lapis_ore":23,"minecraft:dark_oak_stairs":1,"minecraft:red_tulip":1,"minecraft:dirt_path":4,"minecraft:iron_bars":1,"minecraft:spruce_slab":5,"iceandfire:chared_cobblestone":1,"minecraft:deepslate_redstone_ore":27,"minecraft:red_bed":1,"minecraft:blackstone":23,"minecraft:kelp_plant":105,"minecraft:powder_snow":66,"minecraft:torch":10,"minecraft:note_block":1,"minecraft:jungle_stairs":2,"minecraft:dark_oak_wood":4,"minecraft:blast_furnace":3,"minecraft:poppy":2,"minecraft:calcite":4,"iceandfire:ghost_chest":2,"minecraft:chest":5,"minecraft:nether_brick_slab":1,"minecraft:glass":1,"minecraft:nether_quartz_ore":1,"minecraft:cobblestone":1,"minecraft:damaged_anvil":1,"minecraft:oak_planks":5,"minecraft:sugar_cane":9,"minecraft:cyan_bed":1,"minecraft:wall_torch":3,"minecraft:birch_sapling":6,"minecraft:seagrass":4,"minecraft:dark_oak_door":2,"minecraft:birch_log":1,"evilcraft:dark_ore_deepslate":9,"butcher:sulfurore":1,"refurbished_furniture:light_electricity_generator":1,"minecraft:grass":28,"minecraft:oak_log":10,"minecraft:beetroots":1,"minecraft:dirt":407,"minecraft:sand":65,"minecraft:crimson_planks":5,"minecraft:potted_red_tulip":1,"minecraft:netherrack":194,"minecraft:cyan_candle":1,"minecraft:oak_leaves":16,"minecraft:deepslate":226,"minecraft:infested_deepslate":2,"minecraft:crying_obsidian":5,"minecraft:tuff":122,"minecraft:red_carpet":3,"minecraft:mossy_cobblestone":1,"minecraft:dark_oak_leaves":1,"minecraft:deepslate_diamond_ore":3,"minecraft:oak_door":16,"minecraft:dark_oak_fence":6,"minecraft:purple_terracotta":1,"minecraft:jungle_planks":12,"minecraft:birch_slab":2,"minecraft:spruce_leaves":4,"minecraft:kelp":7,"minecraft:cartography_table":1,"minecraft:sandstone":14,"minecraft:hay_block":70,"minecraft:furnace":2,"minecraft:carrots":55,"minecraft:jungle_sapling":2,"minecraft:raw_gold_block":3,"minecraft:snow":4,"evilcraft:box_of_eternal_closure":1,"minecraft:andesite":6,"evilcraft:dark_ore":19,"minecraft:gold_block":22,"minecraft:bookshelf":36,"minecraft:potatoes":70,"minecraft:deepslate_iron_ore":67,"minecraft:vine":1,"minecraft:white_tulip":1,"minecraft:stone":519,"minecraft:bone_block":59,"minecraft:birch_stairs":1,"minecraft:snow_block":24,"minecraft:basalt":9,"minecraft:spruce_door":1,"minecraft:oak_fence":2,"minecraft:sculk_sensor":1,"minecraft:stone_slab":3,"minecraft:copper_ore":7,"minecraft:tall_grass":6,"minecraft:lapis_ore":12,"minecraft:deepslate_gold_ore":19,"minecraft:sculk":3,"minecraft:diorite":3,"refurbished_furniture:workbench":1,"minecraft:spruce_stairs":5,"minecraft:purple_bed":1,"minecraft:birch_planks":3,"minecraft:sweet_berry_bush":22,"minecraft:ice":7,"minecraft:torchflower":2,"minecraft:yellow_bed":4,"evilcraft:blood_stain":2,"minecraft:coal_ore":26,"minecraft:cyan_carpet":16,"minecraft:sunflower":1,"minecraft:gravel":58,"minecraft:gray_carpet":1,"minecraft:cobweb":7,"minecraft:fern":1},"minecraft:picked_up":{"minecraft:iron_chestplate":4,"aquaculture:synodontis":1,"minecraft:lead":4,"minecraft:stone_slab":2,"alexscaves:cave_tablet":3,"minecraft:oak_stairs":1,"minecraft:gilded_blackstone":1,"minecraft:crimson_planks":5,"minecraft:golden_sword":2,"minecraft:string":12,"minecraft:raw_copper":26,"iceandfire:sea_serpent_scales_teal":3,"minecraft:purple_banner":1,"minecraft:beetroot":1,"iceandfire:sea_serpent_scales_bronze":13,"minecraft:gold_nugget":25,"minecraft:cobbled_deepslate":202,"minecraft:spruce_planks":30,"artifacts:aqua_dashers":1,"minecraft:white_tulip":6,"minecraft:calcite":2,"minecraft:coal_block":5,"minecraft:iron_boots":1,"minecraft:furnace":2,"minecraft:dark_oak_door":2,"minecraft:tipped_arrow":1,"minecraft:stick":138,"iceandfire:ghost_chest":2,"explorerscompass:explorerscompass":1,"minecraft:torch":15,"minecraft:spruce_stairs":6,"minecraft:porkchop":6,"tombstone:grave_dust":15,"minecraft:diorite":1,"evilcraft:box_of_eternal_closure":1,"minecraft:rotten_flesh":62,"iceandfire:fire_dragon_heart":1,"minecraft:red_tulip":1,"minecraft:obsidian":16,"minecraft:iron_bars":1,"minecraft:cod":1,"minecraft:snowball":98,"minecraft:cobblestone":522,"minecraft:birch_log":305,"minecraft:magma_block":1,"minecraft:feather":10,"minecraft:andesite":4,"minecraft:birch_slab":7,"minecraft:jungle_log":43,"minecraft:brown_wool":1,"minecraft:potato":234,"minecraft:flint":5,"minecraft:tuff":75,"evilcraft:flesh_humanoid":2,"minecraft:lapis_lazuli":200,"minecraft:dirt":1059,"minecraft:leather_boots":1,"minecraft:bone":57,"minecraft:wheat_seeds":10,"minecraft:orange_tulip":8,"minecraft:raw_gold":17,"minecraft:dark_oak_sign":9,"minecraft:cyan_candle":3,"minecraft:rabbit":2,"slashblade:slashblade":2,"minecraft:glowstone_dust":118,"minecraft:oak_planks":30,"butcher:cooked_lamb_rib":1,"iceandfire:dragonscales_sapphire":30,"evilcraft:dark_gem_crushed":51,"iceandfire:dragon_skull_fire":1,"minecraft:sand":82,"minecraft:jungle_planks":10,"minecraft:ink_sac":8,"minecraft:cyan_bed":1,"minecraft:dark_oak_log":1,"minecraft:barrel":1,"iceandfire:chared_cobblestone":1,"minecraft:bundle":3,"butcher:sulfur":3,"minecraft:blue_terracotta":1,"minecraft:diamond":3,"minecraft:soul_lantern":1,"waystones:waystone":3,"minecraft:cracked_polished_blackstone_bricks":27,"minecraft:granite":5,"minecraft:grass":2,"spartanweaponry:iron_heavy_crossbow":2,"minecraft:golden_apple":1,"minecraft:golden_horse_armor":1,"minecraft:emerald":12,"minecraft:bread":33,"iceandfire:gorgon_head":1,"minecraft:oak_sapling":88,"minecraft:netherrack":167,"minecraft:cocoa_beans":2,"minecraft:gold_block":21,"minecraft:chain":1,"iceandfire:sea_serpent_scales_blue":2,"minecraft:cornflower":3,"butcher:lamb_loin":3,"minecraft:iron_axe":2,"alexscaves:cooked_tripodfish":1,"minecraft:item_frame":1,"minecraft:cyan_carpet":16,"minecraft:blackstone":21,"minecraft:cartography_table":1,"spartanweaponry:iron_longbow":1,"refurbished_furniture:light_electricity_generator":1,"minecraft:jungle_sapling":6,"minecraft:poppy":1,"minecraft:light_gray_wool":1,"minecraft:spruce_slab":6,"minecraft:sugar_cane":15,"minecraft:chest":5,"minecraft:birch_sapling":64,"alexsmobs:skelewag_sword":1,"iceandfire:ice_dragon_heart":1,"minecraft:egg":5,"tombstone:ankh_of_pray":3,"minecraft:raw_iron":112,"minecraft:sandstone":14,"iceandfire:dragonbone":14,"iceandfire:dragonscales_gray":34,"minecraft:raw_gold_block":3,"minecraft:oak_door":14,"minecraft:note_block":1,"minecraft:polished_blackstone_bricks":47,"minecraft:carrot":185,"minecraft:redstone":113,"minecraft:purple_terracotta":1,"minecraft:dark_oak_planks":27,"minecraft:arrow":40,"minecraft:beetroot_seeds":4,"minecraft:jungle_stairs":1,"minecraft:diamond_boots":2,"minecraft:hay_block":70,"minecraft:pink_tulip":4,"sophisticatedbackpacks:copper_backpack":1,"minecraft:bone_block":59,"minecraft:mutton":17,"minecraft:white_wool":10,"minecraft:rail":1,"butcher:villager_meat":3,"minecraft:basalt":9,"iceandfire:sea_serpent_fang":22,"artifacts:digging_claws":1,"minecraft:salmon":5,"minecraft:birch_planks":3,"minecraft:filled_map":3,"minecraft:torchflower":2,"minecraft:oak_log":224,"minecraft:yellow_bed":4,"minecraft:wooden_hoe":1,"minecraft:paper":31,"minecraft:cooked_mutton":3,"minecraft:coast_armor_trim_smithing_template":2,"minecraft:red_carpet":4,"minecraft:apple":10,"minecraft:kelp":631,"minecraft:rabbit_hide":2,"minecraft:iron_ingot":23,"minecraft:cooked_chicken":1,"minecraft:cobweb":9,"artifacts:kitty_slippers":1,"minecraft:dark_oak_stairs":1,"iceandfire:sea_serpent_scales_deepblue":8,"minecraft:book":109,"slashblade:proudsoul_tiny":4,"minecraft:sweet_berries":54,"minecraft:chiseled_stone_bricks":2,"iceandfire:ash":2,"minecraft:quartz":1,"minecraft:gravel":47,"evilcraft:vengeance_ring":1,"refurbished_furniture:workbench":1,"minecraft:spruce_sapling":2,"minecraft:blast_furnace":3,"minecraft:white_bed":1,"minecraft:spruce_log":4,"minecraft:nether_brick_slab":1,"minecraft:crying_obsidian":5,"minecraft:spider_eye":1,"minecraft:mossy_stone_brick_slab":1,"minecraft:spruce_door":2,"tombstone:scroll_of_true_sight":1,"minecraft:purple_bed":1,"butcher:lamb_sirloin":1,"evilcraft:dark_gem":161,"minecraft:painting":3,"minecraft:baked_potato":6,"tombstone:magic_scroll":3,"minecraft:damaged_anvil":1,"minecraft:black_wool":1,"minecraft:dark_oak_wood":4,"minecraft:coal":59,"minecraft:sunflower":1},"minecraft:custom":{"minecraft:interact_with_crafting_table":61,"minecraft:open_barrel":148,"minecraft:leave_game":20,"minecraft:time_since_death":4293,"minecraft:damage_resisted":120,"minecraft:sprint_one_cm":2864345,"minecraft:drop":229,"minecraft:play_noteblock":2,"minecraft:talked_to_villager":2,"minecraft:play_time":668948,"minecraft:deaths":73,"minecraft:jump":10464,"minecraft:walk_on_water_one_cm":155123,"minecraft:enchant_item":3,"minecraft:interact_with_furnace":53,"minecraft:interact_with_cartography_table":9,"minecraft:sleep_in_bed":22,"minecraft:waystone_activated":5,"minecraft:damage_dealt":60793,"minecraft:player_kills":5,"minecraft:crouch_one_cm":53779,"tombstone:undead_killed":103,"minecraft:interact_with_smoker":2,"minecraft:inspect_dispenser":1,"minecraft:interact_with_smithing_table":1,"minecraft:interact_with_anvil":1,"minecraft:mob_kills":224,"minecraft:damage_dealt_resisted":62,"minecraft:climb_one_cm":27707,"minecraft:walk_one_cm":1857437,"minecraft:damage_dealt_absorbed":252,"minecraft:sneak_time":22172,"minecraft:walk_under_water_one_cm":239556,"minecraft:boat_one_cm":140985,"minecraft:interact_with_blast_furnace":18,"minecraft:total_world_time":668948,"tombstone:raider_killed":51,"minecraft:tune_noteblock":2,"minecraft:interact_with_grindstone":3,"tombstone:pray_on_grave":3,"minecraft:time_since_rest":4140,"minecraft:damage_absorbed":8,"minecraft:damage_taken":52675,"minecraft:trigger_trapped_chest":2,"minecraft:swim_one_cm":642722,"minecraft:fly_one_cm":2466771,"minecraft:open_chest":469,"minecraft:fall_one_cm":397887},"minecraft:killed":{"minecraft:zombified_piglin":3,"iceandfire:gorgon":1,"minecraft:spider":11,"minecraft:skeleton":32,"minecraft:silverfish":3,"minecraft:illusioner":6,"minecraft:piglin_brute":5,"artifacts:mimic":3,"minecraft:piglin":12,"minecraft:parrot":2,"minecraft:pig":3,"minecraft:salmon":5,"minecraft:iron_golem":1,"minecraft:sheep":13,"minecraft:pillager":22,"minecraft:zombie":53,"minecraft:stray":1,"iceandfire:sea_serpent":3,"mca:male_zombie_villager":1,"minecraft:vindicator":20,"iceandfire:fire_dragon":1,"alexsmobs:tusklin":1,"minecraft:husk":9,"minecraft:rabbit":2,"minecraft:hoglin":1,"minecraft:squid":1,"evilcraft:poisonous_libelle":1,"iceandfire:ghost":3,"iceandfire:ice_dragon":1,"alexsmobs:crow":1,"minecraft:enderman":1},"minecraft:broken":{"minecraft:diamond_helmet":2,"minecraft:iron_boots":2,"minecraft:iron_chestplate":2,"minecraft:iron_leggings":2,"minecraft:golden_sword":1,"slashblade:slashblade_wood":4,"minecraft:leather_helmet":1,"minecraft:leather_chestplate":1,"slashblade:slashblade":1,"minecraft:iron_axe":1,"minecraft:leather_boots":1,"minecraft:iron_helmet":1},"minecraft:used":{"minecraft:iron_shovel":83,"aquaculture:brown_trout":1,"minecraft:chest":16,"minecraft:iron_sword":323,"minecraft:rotten_flesh":5,"aquaculture:bluegill":1,"minecraft:mutton":12,"minecraft:jungle_planks":8,"minecraft:carrot":312,"aquaculture:synodontis":1,"minecraft:obsidian":10,"minecraft:glass":15,"minecraft:tuff":6,"minecraft:snowball":8,"aquaculture:rainbow_trout":1,"minecraft:jungle_sapling":2,"minecraft:birch_sapling":15,"iceandfire:ghost_chest":1,"minecraft:golden_sword":7,"minecraft:magma_block":1,"minecraft:sweet_berries":56,"minecraft:furnace":1,"minecraft:cooked_cod":12,"minecraft:egg":1,"minecraft:potato":208,"alexsmobs:raw_catfish":1,"minecraft:dark_oak_stairs":1,"minecraft:torchflower":2,"aquaculture:atlantic_herring":1,"minecraft:oak_planks":73,"minecraft:blackstone":11,"minecraft:wooden_pickaxe":10,"minecraft:diamond_axe":249,"alexsmobs:skelewag_sword":386,"minecraft:sand":19,"minecraft:blast_furnace":2,"minecraft:shears":8,"waystones:waystone":3,"minecraft:cyan_carpet":3,"minecraft:birch_slab":1,"minecraft:bread":183,"minecraft:cyan_bed":1,"tombstone:grave_key":13,"aquaculture:pacific_halibut":2,"minecraft:gravel":22,"minecraft:pufferfish":1,"aquamirae:cooked_spinefish":1,"alexscaves:tripodfish":1,"alexscaves:lanternfish":1,"minecraft:andesite":2,"minecraft:birch_log":11,"minecraft:oak_boat":2,"minecraft:bone_meal":111,"minecraft:experience_bottle":4,"aquaculture:tambaqui":1,"minecraft:enchanting_table":1,"minecraft:flint_and_steel":2,"minecraft:spruce_planks":14,"evilcraft:vengeance_pickaxe":43,"minecraft:cooked_salmon":3,"minecraft:wooden_shovel":4,"minecraft:cooked_chicken":1,"minecraft:netherrack":165,"minecraft:oak_door":16,"minecraft:torch":13,"minecraft:dirt":845,"minecraft:spruce_stairs":1,"minecraft:diamond_helmet":1,"minecraft:granite":3,"minecraft:dark_oak_planks":3,"minecraft:wooden_axe":24,"tombstone:ankh_of_pray":30,"minecraft:iron_axe":286,"slashblade:slashblade":74,"aquaculture:boulti":1,"evilcraft:box_of_eternal_closure":1,"minecraft:iron_boots":1,"aquaculture:catfish":2,"evilcraft:flesh_humanoid":3,"minecraft:beef":1,"butcher:lamb_loin":2,"slashblade:slashblade_wood":241,"tombstone:gift":9,"minecraft:cobbled_deepslate":63,"alexsmobs:blobfish":1,"alexsmobs:cooked_catfish":1,"minecraft:cooked_mutton":3,"minecraft:water_bucket":5,"minecraft:rabbit":2,"minecraft:cartography_table":1,"minecraft:baked_potato":56,"butcher:cooked_lamb_rib":1,"minecraft:polished_blackstone_bricks":47,"minecraft:salmon":5,"minecraft:crafting_table":8,"minecraft:white_bed":2,"minecraft:cod":7,"alexsmobs:flying_fish":1,"minecraft:dark_oak_door":2,"aquaculture:pollock":1,"aquaculture:red_shrooma":1,"minecraft:oak_log":1,"minecraft:wooden_hoe":3,"minecraft:black_wool":1,"minecraft:diamond_pickaxe":1330,"minecraft:apple":7,"minecraft:diamond_shovel":1039,"minecraft:cracked_polished_blackstone_bricks":9,"minecraft:iron_pickaxe":358,"tombstone:magic_scroll":2,"minecraft:stone_slab":1,"refurbished_furniture:light_electricity_generator":1,"minecraft:chiseled_stone_bricks":2,"minecraft:cobblestone":12,"refurbished_furniture:workbench":1,"minecraft:cooked_porkchop":3,"minecraft:purple_bed":1,"butcher:lamb_sirloin":1,"minecraft:porkchop":8,"minecraft:bucket":5,"minecraft:pumpkin_pie":10,"minecraft:yellow_bed":3,"spartanweaponry:iron_spear":46},"minecraft:dropped":{"minecraft:birch_planks":1,"minecraft:lapis_lazuli":18,"minecraft:diamond":6,"minecraft:dark_oak_slab":2,"minecraft:orange_tulip":1,"minecraft:leather":3,"minecraft:jungle_planks":1,"minecraft:cracked_polished_blackstone_bricks":7,"minecraft:red_carpet":2,"minecraft:flint":1,"minecraft:dirt":3,"evilcraft:vengeance_ring":1,"minecraft:grass":2,"minecraft:dark_oak_log":4,"minecraft:cornflower":2,"alexsmobs:skelewag_sword":1,"minecraft:snowball":80,"minecraft:chain":1,"iceandfire:ash":2,"minecraft:sand":1,"minecraft:iron_pickaxe":1,"minecraft:dark_oak_planks":15,"minecraft:white_wool":1,"minecraft:bone":23,"minecraft:gold_ingot":54,"minecraft:gravel":13,"minecraft:blackstone":2,"spartanweaponry:iron_heavy_crossbow":2,"minecraft:cobbled_deepslate":10,"alexscaves:cave_tablet":3,"minecraft:wheat":1,"minecraft:rotten_flesh":5,"minecraft:oak_planks":2,"spartanweaponry:iron_longbow":1,"minecraft:carrot":10,"evilcraft:flesh_humanoid":4,"minecraft:rabbit_hide":2,"iceandfire:ghost_chest":1,"minecraft:jungle_stairs":1,"minecraft:painting":1,"minecraft:spruce_slab":5,"minecraft:basalt":6,"minecraft:arrow":7,"minecraft:glass":1,"minecraft:quartz":1,"aquamirae:sharp_bones":1,"minecraft:netherrack":10,"minecraft:crimson_planks":5,"minecraft:bread":139,"minecraft:iron_ingot":172,"minecraft:purple_terracotta":1,"minecraft:wheat_seeds":8,"butcher:villager_meat":3,"evilcraft:dark_gem_crushed":27,"minecraft:iron_helmet":1,"minecraft:oak_fence":1,"minecraft:feather":5,"minecraft:cobblestone":77,"minecraft:prismarine_crystals":1,"minecraft:purple_concrete":1,"evilcraft:dark_gem":67,"minecraft:spruce_door":2,"minecraft:spruce_stairs":1,"tombstone:ankh_of_pray":3,"minecraft:stick":14,"minecraft:diorite":1,"butcher:sulfur":3,"minecraft:wooden_hoe":1,"minecraft:wooden_axe":1,"tombstone:grave_dust":9,"minecraft:iron_leggings":1,"minecraft:iron_axe":3,"minecraft:paper":20,"minecraft:string":17,"iceandfire:dragon_skull_fire":1,"minecraft:spruce_sapling":2,"minecraft:redstone":5,"minecraft:blue_terracotta":5,"minecraft:kelp":1,"minecraft:dark_oak_sign":9,"minecraft:cocoa_beans":2,"minecraft:tuff":45,"minecraft:chicken":1,"minecraft:light_gray_wool":1,"minecraft:iron_boots":1,"minecraft:shears":1,"alexscaves:cooked_tripodfish":1,"minecraft:filled_map":5,"minecraft:potato":32,"minecraft:spruce_planks":2,"minecraft:iron_chestplate":5,"slashblade:slashblade":1,"minecraft:oak_sapling":2,"minecraft:wooden_shovel":1,"minecraft:spider_eye":8,"minecraft:barrel":1,"explorerscompass:explorerscompass":1,"minecraft:bamboo":1,"minecraft:diamond_boots":1,"minecraft:wooden_pickaxe":3,"minecraft:red_tulip":1,"minecraft:calcite":2}},"DataVersion":3465}