{"stats":{"minecraft:dropped":{"minecraft:iron_ingot":11,"minecraft:wheat_seeds":1,"butcher:villager_meat":3,"alexscaves:cave_tablet":3,"minecraft:cobblestone":1,"minecraft:prismarine_crystals":1,"minecraft:wooden_axe":1,"minecraft:wooden_shovel":1,"minecraft:bamboo":1,"minecraft:sand":1,"minecraft:arrow":3,"minecraft:wooden_pickaxe":2,"minecraft:string":4,"minecraft:bone":23},"minecraft:killed":{"minecraft:pig":2,"minecraft:spider":1,"minecraft:iron_golem":1,"minecraft:skeleton":2,"minecraft:sheep":4,"minecraft:zombie":2,"evilcraft:poisonous_libelle":1,"iceandfire:ghost":1,"artifacts:mimic":1},"minecraft:crafted":{"minecraft:oak_planks":72,"minecraft:wooden_shovel":1,"minecraft:crafting_table":5,"minecraft:wooden_pickaxe":2,"minecraft:bread":54,"minecraft:iron_axe":1,"minecraft:stick":16,"minecraft:iron_pickaxe":1,"minecraft:wooden_axe":1,"minecraft:chest":3,"minecraft:iron_shovel":1,"minecraft:white_bed":1,"minecraft:wheat":162},"minecraft:picked_up":{"butcher:villager_meat":3,"artifacts:digging_claws":1,"minecraft:stone_slab":2,"alexscaves:cave_tablet":3,"minecraft:oak_log":18,"evilcraft:flesh_humanoid":1,"minecraft:yellow_bed":1,"minecraft:lapis_lazuli":83,"minecraft:dirt":17,"minecraft:string":4,"butcher:lamb_loin":1,"minecraft:leather_boots":1,"minecraft:bone":27,"minecraft:apple":1,"minecraft:wheat_seeds":1,"minecraft:cartography_table":1,"minecraft:cobbled_deepslate":4,"minecraft:raw_gold":6,"minecraft:iron_ingot":23,"minecraft:sugar_cane":6,"minecraft:raw_iron":34,"minecraft:stick":2,"minecraft:sandstone":1,"butcher:cooked_lamb_rib":1,"minecraft:chiseled_stone_bricks":2,"minecraft:porkchop":4,"minecraft:sand":8,"minecraft:blast_furnace":1,"tombstone:grave_dust":2,"minecraft:white_bed":1,"minecraft:redstone":53,"butcher:sulfur":3,"butcher:lamb_sirloin":1,"minecraft:arrow":6,"minecraft:hay_block":18,"minecraft:granite":3,"minecraft:golden_horse_armor":1,"minecraft:oak_sapling":2,"minecraft:black_wool":1,"minecraft:mutton":5,"minecraft:coal":6,"minecraft:white_wool":3,"minecraft:cobblestone":12},"minecraft:killed_by":{"minecraft:skeleton":2,"minecraft:creeper":1,"minecraft:iron_golem":2},"minecraft:mined":{"minecraft:deepslate_redstone_ore":11,"minecraft:sculk_vein":2,"minecraft:granite":3,"minecraft:blast_furnace":1,"minecraft:grass_block":13,"minecraft:poppy":1,"minecraft:stone_slab":3,"minecraft:tall_grass":1,"minecraft:cobblestone":1,"minecraft:deepslate_gold_ore":7,"minecraft:lapis_ore":5,"minecraft:cartography_table":1,"minecraft:sugar_cane":6,"minecraft:sculk":1,"minecraft:sandstone":1,"minecraft:chiseled_stone_bricks":2,"minecraft:hay_block":18,"minecraft:iron_ore":27,"butcher:sulfurore":1,"minecraft:deepslate_lapis_ore":8,"minecraft:deepslate_iron_ore":7,"minecraft:yellow_bed":1,"minecraft:coal_ore":7,"minecraft:grass":11,"minecraft:oak_log":7,"minecraft:dirt_path":3,"minecraft:sand":6,"minecraft:dirt":2,"minecraft:stone":12,"minecraft:deepslate":4},"minecraft:used":{"minecraft:iron_shovel":3,"minecraft:oak_planks":5,"minecraft:chest":2,"minecraft:wooden_pickaxe":10,"butcher:cooked_lamb_rib":1,"minecraft:wooden_shovel":4,"minecraft:rotten_flesh":1,"minecraft:dirt":17,"minecraft:mutton":5,"minecraft:crafting_table":5,"minecraft:white_bed":2,"minecraft:wooden_axe":24,"minecraft:black_wool":1,"minecraft:iron_axe":30,"minecraft:bread":14,"minecraft:iron_pickaxe":95,"minecraft:stone_slab":1,"evilcraft:flesh_humanoid":2,"minecraft:chiseled_stone_bricks":2,"minecraft:cobblestone":1,"butcher:lamb_sirloin":1,"minecraft:porkchop":4,"tombstone:gift":3,"minecraft:yellow_bed":1},"minecraft:custom":{"minecraft:interact_with_smithing_table":1,"minecraft:interact_with_furnace":1,"minecraft:mob_kills":17,"minecraft:interact_with_crafting_table":9,"minecraft:open_barrel":4,"minecraft:leave_game":1,"minecraft:time_since_death":9400,"minecraft:sleep_in_bed":3,"minecraft:climb_one_cm":20456,"minecraft:time_since_rest":8318,"minecraft:sprint_one_cm":108574,"minecraft:damage_taken":2775,"minecraft:walk_one_cm":108804,"minecraft:drop":16,"minecraft:damage_dealt":3444,"minecraft:swim_one_cm":17912,"minecraft:fly_one_cm":224908,"minecraft:player_kills":1,"minecraft:open_chest":9,"minecraft:crouch_one_cm":1843,"minecraft:play_time":55844,"tombstone:undead_killed":5,"minecraft:deaths":6,"minecraft:sneak_time":627,"minecraft:walk_under_water_one_cm":2872,"minecraft:jump":1109,"minecraft:walk_on_water_one_cm":6978,"minecraft:total_world_time":55844,"minecraft:fall_one_cm":32661}},"DataVersion":3465}