{"stats":{"minecraft:dropped":{"minecraft:iron_ingot":11,"minecraft:wheat_seeds":1,"minecraft:lapis_lazuli":18,"butcher:villager_meat":3,"minecraft:cobblestone":1,"minecraft:prismarine_crystals":1,"butcher:sulfur":3,"minecraft:wooden_axe":1,"tombstone:grave_dust":3,"minecraft:iron_axe":1,"minecraft:sand":1,"minecraft:paper":8,"minecraft:string":7,"minecraft:bone":23,"minecraft:gravel":2,"alexscaves:cave_tablet":3,"evilcraft:flesh_humanoid":2,"minecraft:wooden_shovel":1,"minecraft:bamboo":1,"minecraft:spider_eye":8,"minecraft:arrow":3,"minecraft:wooden_pickaxe":2},"minecraft:broken":{"minecraft:leather_boots":1},"minecraft:killed":{"minecraft:spider":4,"minecraft:skeleton":7,"minecraft:silverfish":1,"artifacts:mimic":3,"minecraft:pig":2,"minecraft:iron_golem":1,"minecraft:sheep":4,"evilcraft:poisonous_libelle":1,"minecraft:zombie":11,"iceandfire:ghost":1},"minecraft:crafted":{"minecraft:oak_planks":92,"minecraft:iron_axe":1,"minecraft:chest":3,"minecraft:wheat":162,"minecraft:cooked_cod":1,"minecraft:wooden_shovel":1,"minecraft:crafting_table":5,"minecraft:wooden_pickaxe":2,"minecraft:bread":54,"minecraft:air":0,"minecraft:stick":16,"minecraft:iron_pickaxe":1,"minecraft:wooden_axe":1,"minecraft:iron_shovel":1,"minecraft:white_bed":1},"minecraft:picked_up":{"minecraft:stone_slab":2,"alexscaves:cave_tablet":3,"minecraft:string":5,"butcher:lamb_loin":1,"minecraft:iron_axe":1,"minecraft:cartography_table":1,"minecraft:cobbled_deepslate":64,"artifacts:aqua_dashers":1,"minecraft:sugar_cane":6,"minecraft:furnace":2,"minecraft:raw_iron":74,"minecraft:stick":3,"minecraft:sandstone":1,"minecraft:porkchop":4,"tombstone:grave_dust":2,"minecraft:redstone":108,"minecraft:arrow":11,"minecraft:rotten_flesh":15,"minecraft:hay_block":18,"minecraft:mutton":5,"minecraft:cobblestone":12,"minecraft:white_wool":3,"butcher:villager_meat":3,"artifacts:digging_claws":1,"minecraft:oak_log":23,"evilcraft:flesh_humanoid":1,"minecraft:yellow_bed":1,"minecraft:lapis_lazuli":146,"minecraft:dirt":17,"minecraft:paper":8,"minecraft:leather_boots":1,"minecraft:bone":30,"minecraft:apple":1,"minecraft:wheat_seeds":1,"minecraft:raw_gold":12,"minecraft:iron_ingot":23,"artifacts:kitty_slippers":1,"butcher:cooked_lamb_rib":1,"minecraft:chiseled_stone_bricks":2,"minecraft:gravel":3,"minecraft:sand":8,"minecraft:blast_furnace":2,"minecraft:white_bed":1,"minecraft:cyan_bed":1,"butcher:sulfur":3,"butcher:lamb_sirloin":1,"minecraft:diamond":3,"evilcraft:dark_gem":4,"minecraft:granite":3,"minecraft:golden_horse_armor":1,"tombstone:magic_scroll":1,"minecraft:oak_sapling":2,"minecraft:damaged_anvil":1,"minecraft:black_wool":1,"minecraft:coal":6},"minecraft:killed_by":{"minecraft:creeper":1,"minecraft:iron_golem":2,"minecraft:skeleton":4,"artifacts:mimic":1,"minecraft:zombie":2},"minecraft:mined":{"minecraft:infested_deepslate":1,"minecraft:deepslate_diamond_ore":3,"minecraft:sculk_vein":3,"minecraft:granite":3,"minecraft:grass_block":13,"minecraft:cartography_table":1,"minecraft:sandstone":1,"minecraft:chiseled_stone_bricks":2,"minecraft:hay_block":18,"minecraft:furnace":2,"minecraft:iron_ore":27,"minecraft:fire":5,"minecraft:cobbled_deepslate":2,"minecraft:deepslate_lapis_ore":20,"minecraft:dirt_path":3,"minecraft:deepslate_iron_ore":48,"minecraft:stone":12,"minecraft:deepslate_redstone_ore":23,"minecraft:blast_furnace":2,"minecraft:poppy":1,"minecraft:stone_slab":3,"minecraft:tall_grass":1,"minecraft:cobblestone":1,"minecraft:deepslate_gold_ore":14,"minecraft:lapis_ore":5,"minecraft:cyan_bed":1,"minecraft:sugar_cane":6,"minecraft:damaged_anvil":1,"minecraft:sculk":3,"evilcraft:dark_ore_deepslate":2,"butcher:sulfurore":1,"minecraft:yellow_bed":1,"minecraft:grass":12,"minecraft:coal_ore":7,"minecraft:oak_log":7,"minecraft:dirt":2,"minecraft:gravel":3,"minecraft:sand":6,"minecraft:potted_red_tulip":1,"minecraft:deepslate":67},"minecraft:used":{"minecraft:iron_shovel":3,"minecraft:chest":2,"minecraft:wooden_shovel":4,"minecraft:rotten_flesh":1,"minecraft:dirt":17,"minecraft:mutton":5,"minecraft:granite":3,"minecraft:wooden_axe":24,"minecraft:iron_axe":97,"evilcraft:flesh_humanoid":2,"minecraft:furnace":1,"minecraft:cooked_cod":1,"tombstone:gift":4,"minecraft:cobbled_deepslate":63,"minecraft:oak_planks":5,"minecraft:cartography_table":1,"minecraft:wooden_pickaxe":10,"butcher:cooked_lamb_rib":1,"minecraft:crafting_table":5,"minecraft:blast_furnace":2,"minecraft:white_bed":2,"minecraft:cod":7,"minecraft:black_wool":1,"minecraft:cyan_bed":1,"minecraft:bread":37,"minecraft:iron_pickaxe":259,"tombstone:magic_scroll":2,"minecraft:stone_slab":1,"minecraft:gravel":1,"minecraft:chiseled_stone_bricks":2,"minecraft:cobblestone":11,"butcher:lamb_sirloin":1,"minecraft:porkchop":4,"minecraft:yellow_bed":1},"minecraft:custom":{"minecraft:interact_with_smithing_table":1,"minecraft:mob_kills":37,"minecraft:interact_with_crafting_table":12,"minecraft:open_barrel":10,"minecraft:damage_dealt_resisted":40,"minecraft:leave_game":2,"minecraft:time_since_death":10856,"minecraft:climb_one_cm":20456,"minecraft:sprint_one_cm":195894,"minecraft:walk_one_cm":193060,"minecraft:drop":25,"minecraft:play_time":87997,"minecraft:deaths":11,"minecraft:sneak_time":2993,"minecraft:walk_under_water_one_cm":2911,"minecraft:jump":1950,"minecraft:interact_with_blast_furnace":5,"minecraft:walk_on_water_one_cm":8493,"minecraft:total_world_time":87997,"minecraft:interact_with_furnace":8,"tombstone:raider_killed":3,"minecraft:interact_with_cartography_table":4,"minecraft:sleep_in_bed":4,"minecraft:time_since_rest":8581,"minecraft:damage_taken":5533,"minecraft:damage_dealt":8032,"minecraft:swim_one_cm":18059,"minecraft:fly_one_cm":343852,"minecraft:player_kills":2,"minecraft:open_chest":17,"minecraft:crouch_one_cm":7750,"tombstone:undead_killed":19,"minecraft:fall_one_cm":59296}},"DataVersion":3465}