{"stats":{"minecraft:dropped":{"butcher:chickenfoot":4,"minecraft:wheat_seeds":29,"minecraft:orange_tulip":2,"minecraft:cornflower":2,"minecraft:oak_door":1,"minecraft:birch_sapling":5,"minecraft:rotten_flesh":10,"evilcraft:poison_sac":2,"evilcraft:flesh_humanoid":3,"minecraft:gunpowder":2,"minecraft:leather_boots":3,"minecraft:spider_eye":1,"minecraft:red_tulip":6,"minecraft:egg":1},"minecraft:broken":{"minecraft:stone_pickaxe":1,"minecraft:iron_axe":2,"minecraft:leather_boots":1,"minecraft:stone_axe":2},"minecraft:killed":{"mca:female_zombie_villager":1,"minecraft:spider":4,"alexsmobs:seagull":2,"minecraft:skeleton":3,"minecraft:pig":5,"alexsmobs:grizzly_bear":2,"minecraft:wandering_trader":1,"minecraft:sheep":1,"evilcraft:poisonous_libelle":2,"minecraft:zombie":8},"minecraft:crafted":{"minecraft:oak_door":3,"minecraft:oak_planks":848,"spartanweaponry:iron_scythe":1,"iceandfire:silver_shovel":1,"refurbished_furniture:oak_chair":1,"minecraft:furnace":1,"minecraft:cobblestone_stairs":20,"minecraft:cooked_mutton":2,"minecraft:glass_pane":64,"minecraft:glass":32,"minecraft:iron_boots":1,"minecraft:iron_axe":3,"minecraft:stone_pickaxe":1,"minecraft:chest":1,"iceandfire:silver_ingot":1,"minecraft:cooked_porkchop":4,"spartanweaponry:pole":4,"minecraft:crafting_table":1,"minecraft:iron_helmet":1,"minecraft:baked_potato":3,"minecraft:wooden_pickaxe":1,"minecraft:iron_sword":1,"minecraft:copper_ingot":1,"minecraft:bucket":1,"minecraft:birch_planks":204,"minecraft:stone_axe":2,"minecraft:air":0,"minecraft:iron_chestplate":1,"minecraft:iron_pickaxe":1,"minecraft:iron_ingot":37,"minecraft:oak_stairs":8,"minecraft:iron_leggings":1,"minecraft:stone_sword":1,"minecraft:gold_ingot":2},"minecraft:picked_up":{"minecraft:crafting_table":5,"refurbished_furniture:oak_chair":1,"minecraft:chicken":1,"minecraft:stone_slab":4,"alexscaves:cave_tablet":3,"minecraft:oak_stairs":6,"minecraft:cornflower":2,"minecraft:string":14,"evilcraft:poison_sac":2,"minecraft:gold_nugget":18,"minecraft:birch_sapling":10,"minecraft:egg":2,"minecraft:furnace":2,"minecraft:stick":73,"minecraft:oak_door":1,"minecraft:porkchop":13,"tombstone:grave_dust":1,"minecraft:prismarine_crystals":1,"minecraft:arrow":3,"minecraft:rotten_flesh":19,"minecraft:red_tulip":6,"minecraft:mutton":2,"butcher:chickenfoot":8,"minecraft:white_wool":1,"minecraft:cobblestone":380,"minecraft:birch_log":51,"minecraft:feather":3,"butcher:cooked_villager_meat":2,"minecraft:torchflower":1,"butcher:llamameat":5,"minecraft:birch_planks":133,"alexsmobs:bear_fur":3,"minecraft:oak_log":212,"minecraft:golden_boots":1,"minecraft:yellow_bed":4,"minecraft:gunpowder":2,"minecraft:cobblestone_stairs":3,"minecraft:dirt":94,"minecraft:leather_boots":1,"minecraft:bone":5,"iceandfire:pixie_jar_empty":1,"minecraft:apple":16,"minecraft:orange_tulip":2,"minecraft:wheat_seeds":29,"minecraft:cooked_chicken":8,"minecraft:bamboo":1,"minecraft:oak_planks":312,"minecraft:honeycomb":2,"iceandfire:copper_nugget":14,"minecraft:cooked_porkchop":1,"minecraft:dandelion":7,"minecraft:sand":32,"minecraft:spider_eye":1,"minecraft:bundle":2,"minecraft:bread":7,"minecraft:damaged_anvil":1,"minecraft:oak_sapling":75,"minecraft:coal":15,"iceandfire:silver_nugget":10,"butcher:rawllamameat":4,"iceandfire:raw_silver":3},"minecraft:killed_by":{"minecraft:player":3,"minecraft:spider":1,"minecraft:skeleton":8,"minecraft:zombie":2,"alexsmobs:grizzly_bear":3},"minecraft:mined":{"minecraft:oak_sapling":2,"butcher:chicken_head":1,"iceandfire:silver_ore":3,"minecraft:mossy_cobblestone":1,"iceandfire:copper_pile":2,"refurbished_furniture:oak_chair":1,"minecraft:cobblestone_stairs":3,"minecraft:grass_block":44,"minecraft:oxeye_daisy":1,"minecraft:furnace":2,"minecraft:red_tulip":3,"iceandfire:gold_pile":3,"minecraft:oak_stairs":6,"minecraft:stone":292,"iceandfire:pixie_jar_empty":1,"minecraft:glass_pane":1,"butcher:hanging_llama_cut_1":1,"minecraft:dandelion":7,"minecraft:crafting_table":5,"minecraft:cornflower":2,"minecraft:rose_bush":1,"minecraft:stone_slab":1,"minecraft:tall_grass":3,"minecraft:copper_ore":1,"minecraft:cobblestone":36,"minecraft:oak_planks":332,"minecraft:damaged_anvil":1,"minecraft:birch_sapling":1,"minecraft:birch_planks":118,"minecraft:torchflower":1,"minecraft:bee_nest":1,"minecraft:orange_tulip":3,"minecraft:yellow_bed":4,"minecraft:grass":93,"iceandfire:silver_pile":3,"minecraft:oak_log":4,"minecraft:coal_ore":11,"minecraft:sand":32,"minecraft:dirt":56,"minecraft:cobweb":5,"minecraft:oak_leaves":12},"minecraft:used":{"minecraft:stone_sword":132,"minecraft:rose_bush":1,"minecraft:chest":1,"minecraft:iron_sword":5,"minecraft:cooked_chicken":4,"minecraft:rotten_flesh":9,"minecraft:oak_door":3,"minecraft:dirt":112,"minecraft:iron_axe":371,"minecraft:oak_stairs":14,"evilcraft:flesh_humanoid":1,"minecraft:bamboo":1,"butcher:llamameat":5,"minecraft:oak_sapling":56,"minecraft:furnace":3,"tombstone:gift":4,"minecraft:egg":1,"iceandfire:pixie_jar_empty":1,"minecraft:cooked_mutton":2,"minecraft:water_bucket":3,"minecraft:damaged_anvil":1,"minecraft:torchflower":1,"minecraft:cobblestone_stairs":23,"minecraft:baked_potato":3,"minecraft:birch_planks":314,"minecraft:stone_pickaxe":135,"minecraft:oak_planks":1107,"butcher:cooked_villager_meat":2,"minecraft:wooden_pickaxe":17,"minecraft:crafting_table":6,"minecraft:apple":18,"minecraft:bread":2,"minecraft:iron_pickaxe":214,"minecraft:stone_slab":4,"minecraft:stone_axe":179,"minecraft:cobblestone":341,"minecraft:porkchop":1,"minecraft:cooked_porkchop":4,"minecraft:bucket":4,"minecraft:glass_pane":59,"minecraft:yellow_bed":4,"iceandfire:silver_shovel":124,"spartanweaponry:iron_scythe":5,"minecraft:dandelion":6,"refurbished_furniture:oak_chair":2},"minecraft:custom":{"minecraft:interact_with_smithing_table":1,"minecraft:mob_kills":30,"minecraft:interact_with_crafting_table":26,"minecraft:leave_game":2,"minecraft:time_since_death":32486,"minecraft:sprint_one_cm":509141,"minecraft:walk_one_cm":863281,"minecraft:drop":40,"minecraft:damage_dealt_absorbed":132,"minecraft:talked_to_villager":1,"minecraft:play_time":244512,"minecraft:deaths":18,"minecraft:sneak_time":12976,"minecraft:walk_under_water_one_cm":8149,"minecraft:jump":4308,"minecraft:interact_with_blast_furnace":3,"minecraft:walk_on_water_one_cm":14457,"minecraft:total_world_time":244512,"minecraft:interact_with_furnace":17,"minecraft:sleep_in_bed":7,"minecraft:time_since_rest":31959,"minecraft:damage_taken":7251,"minecraft:damage_dealt":6869,"minecraft:swim_one_cm":43366,"minecraft:fly_one_cm":902822,"minecraft:player_kills":1,"minecraft:open_chest":34,"minecraft:crouch_one_cm":53101,"tombstone:undead_killed":12,"tombstone:villager_killed":1,"minecraft:use_cauldron":1,"minecraft:fall_one_cm":105339}},"DataVersion":3465}