{"stats":{"minecraft:picked_up":{"minecraft:oak_log":1,"minecraft:wheat_seeds":1},"minecraft:killed_by":{"minecraft:spider":1},"minecraft:mined":{"minecraft:grass":1,"minecraft:tall_grass":1,"minecraft:oak_log":1},"minecraft:custom":{"minecraft:jump":97,"minecraft:deaths":1,"minecraft:time_since_rest":1,"minecraft:walk_on_water_one_cm":734,"minecraft:damage_dealt":119,"minecraft:sprint_one_cm":8909,"minecraft:play_time":3059,"minecraft:damage_taken":225,"minecraft:time_since_death":468,"minecraft:walk_one_cm":7761,"minecraft:total_world_time":3059,"minecraft:walk_under_water_one_cm":774,"minecraft:swim_one_cm":4918,"minecraft:fall_one_cm":1085,"minecraft:fly_one_cm":29797}},"DataVersion":3465}