{"stats":{"minecraft:dropped":{"minecraft:wheat_seeds":2,"minecraft:rotten_flesh":2,"minecraft:leather_boots":3,"minecraft:egg":1},"minecraft:killed":{"minecraft:pig":4,"alexsmobs:seagull":1,"minecraft:sheep":1},"minecraft:crafted":{"minecraft:oak_planks":92,"minecraft:cooked_porkchop":2,"iceandfire:silver_ingot":1,"minecraft:crafting_table":1,"minecraft:wooden_pickaxe":1,"minecraft:furnace":1,"minecraft:copper_ingot":1,"minecraft:stone_axe":1,"minecraft:air":0,"minecraft:stone_pickaxe":1,"minecraft:stone_sword":1,"minecraft:gold_ingot":2},"minecraft:picked_up":{"minecraft:crafting_table":4,"minecraft:feather":1,"minecraft:stone_slab":4,"alexscaves:cave_tablet":3,"minecraft:oak_log":23,"minecraft:yellow_bed":1,"minecraft:dirt":1,"minecraft:string":3,"minecraft:leather_boots":1,"minecraft:apple":3,"iceandfire:pixie_jar_empty":1,"minecraft:wheat_seeds":5,"minecraft:gold_nugget":18,"minecraft:bamboo":1,"minecraft:egg":2,"minecraft:furnace":1,"minecraft:stick":14,"iceandfire:copper_nugget":14,"minecraft:cooked_porkchop":1,"minecraft:porkchop":11,"minecraft:prismarine_crystals":1,"minecraft:rotten_flesh":3,"minecraft:oak_sapling":14,"minecraft:mutton":2,"iceandfire:silver_nugget":10,"minecraft:coal":7,"minecraft:white_wool":1,"minecraft:cobblestone":26},"minecraft:killed_by":{"minecraft:skeleton":1,"minecraft:spider":1,"alexsmobs:grizzly_bear":1},"minecraft:mined":{"iceandfire:pixie_jar_empty":1,"iceandfire:copper_pile":2,"minecraft:crafting_table":4,"minecraft:grass_block":1,"minecraft:rose_bush":1,"minecraft:stone_slab":1,"minecraft:tall_grass":1,"minecraft:cobblestone":9,"minecraft:furnace":1,"minecraft:yellow_bed":1,"minecraft:grass":5,"minecraft:oak_log":3,"minecraft:coal_ore":7,"iceandfire:silver_pile":3,"iceandfire:gold_pile":3,"minecraft:cobweb":1,"minecraft:stone":16,"minecraft:oak_leaves":1},"minecraft:used":{"minecraft:rose_bush":1,"minecraft:stone_sword":1,"minecraft:oak_planks":4,"minecraft:stone_pickaxe":26,"minecraft:wooden_pickaxe":16,"minecraft:rotten_flesh":1,"minecraft:dirt":1,"minecraft:crafting_table":4,"minecraft:apple":1,"minecraft:bread":2,"minecraft:stone_slab":4,"evilcraft:flesh_humanoid":1,"minecraft:bamboo":1,"minecraft:stone_axe":22,"minecraft:oak_sapling":4,"minecraft:furnace":1,"minecraft:cooked_porkchop":2,"minecraft:egg":1},"minecraft:custom":{"minecraft:interact_with_smithing_table":1,"minecraft:interact_with_furnace":4,"minecraft:mob_kills":6,"minecraft:interact_with_crafting_table":9,"minecraft:time_since_death":767,"minecraft:sleep_in_bed":2,"minecraft:time_since_rest":7,"minecraft:sprint_one_cm":72068,"minecraft:damage_taken":988,"minecraft:walk_one_cm":69712,"minecraft:drop":7,"minecraft:damage_dealt":718,"minecraft:swim_one_cm":19033,"minecraft:fly_one_cm":193345,"minecraft:open_chest":6,"minecraft:crouch_one_cm":364,"minecraft:play_time":27059,"minecraft:deaths":3,"minecraft:sneak_time":269,"minecraft:walk_under_water_one_cm":1302,"minecraft:jump":712,"minecraft:walk_on_water_one_cm":3789,"minecraft:total_world_time":27059,"minecraft:fall_one_cm":14811}},"DataVersion":3465}