{"stats":{"minecraft:dropped":{"minecraft:wheat_seeds":2,"minecraft:rotten_flesh":2,"minecraft:gunpowder":2,"minecraft:leather_boots":3,"minecraft:egg":1},"minecraft:killed":{"minecraft:pig":5,"alexsmobs:grizzly_bear":2,"minecraft:spider":2,"alexsmobs:seagull":1,"minecraft:sheep":1,"minecraft:skeleton":1,"minecraft:zombie":6},"minecraft:crafted":{"minecraft:oak_planks":108,"minecraft:cooked_porkchop":3,"iceandfire:silver_ingot":1,"minecraft:crafting_table":1,"minecraft:wooden_pickaxe":1,"minecraft:furnace":1,"minecraft:copper_ingot":1,"minecraft:stone_axe":1,"minecraft:cooked_mutton":2,"minecraft:air":0,"minecraft:stone_pickaxe":1,"minecraft:stone_sword":1,"minecraft:gold_ingot":2},"minecraft:picked_up":{"minecraft:crafting_table":4,"minecraft:feather":1,"minecraft:stone_slab":4,"alexscaves:cave_tablet":3,"alexsmobs:bear_fur":3,"minecraft:oak_log":27,"minecraft:yellow_bed":1,"minecraft:gunpowder":2,"minecraft:cornflower":1,"minecraft:dirt":1,"minecraft:string":10,"minecraft:leather_boots":1,"minecraft:bone":2,"minecraft:apple":3,"iceandfire:pixie_jar_empty":1,"minecraft:wheat_seeds":12,"minecraft:gold_nugget":18,"minecraft:bamboo":1,"minecraft:honeycomb":2,"minecraft:oak_planks":52,"minecraft:egg":2,"minecraft:furnace":1,"minecraft:stick":16,"iceandfire:copper_nugget":14,"minecraft:cooked_porkchop":1,"minecraft:dandelion":1,"minecraft:porkchop":13,"tombstone:grave_dust":1,"minecraft:prismarine_crystals":1,"minecraft:bundle":1,"minecraft:arrow":1,"minecraft:rotten_flesh":9,"minecraft:oak_sapling":22,"minecraft:mutton":2,"iceandfire:silver_nugget":10,"minecraft:coal":7,"minecraft:white_wool":1,"minecraft:cobblestone":59},"minecraft:killed_by":{"minecraft:skeleton":2,"minecraft:spider":1,"alexsmobs:grizzly_bear":2},"minecraft:mined":{"iceandfire:pixie_jar_empty":1,"iceandfire:copper_pile":2,"minecraft:dandelion":2,"minecraft:cornflower":1,"minecraft:crafting_table":4,"minecraft:grass_block":1,"minecraft:rose_bush":1,"minecraft:stone_slab":1,"minecraft:tall_grass":1,"minecraft:cobblestone":17,"minecraft:oak_planks":53,"minecraft:furnace":1,"minecraft:yellow_bed":1,"minecraft:grass":61,"minecraft:oak_log":3,"minecraft:coal_ore":7,"iceandfire:silver_pile":3,"iceandfire:gold_pile":3,"minecraft:cobweb":5,"minecraft:stone":41,"minecraft:oak_leaves":3},"minecraft:used":{"minecraft:cooked_mutton":2,"minecraft:rose_bush":1,"minecraft:stone_sword":76,"minecraft:oak_planks":101,"minecraft:stone_pickaxe":59,"minecraft:wooden_pickaxe":17,"minecraft:rotten_flesh":1,"minecraft:dirt":1,"minecraft:crafting_table":5,"minecraft:apple":1,"minecraft:bread":2,"minecraft:stone_slab":4,"evilcraft:flesh_humanoid":1,"minecraft:bamboo":1,"minecraft:stone_axe":79,"minecraft:cobblestone":25,"minecraft:porkchop":1,"minecraft:oak_sapling":4,"minecraft:furnace":2,"minecraft:cooked_porkchop":3,"tombstone:gift":2,"minecraft:yellow_bed":1,"minecraft:egg":1,"minecraft:dandelion":1},"minecraft:custom":{"minecraft:interact_with_smithing_table":1,"minecraft:interact_with_furnace":8,"minecraft:mob_kills":19,"minecraft:interact_with_crafting_table":9,"minecraft:time_since_death":8543,"minecraft:sleep_in_bed":3,"minecraft:time_since_rest":7140,"minecraft:sprint_one_cm":123142,"minecraft:damage_taken":1851,"minecraft:walk_one_cm":171032,"minecraft:drop":9,"minecraft:damage_dealt":3693,"minecraft:swim_one_cm":19033,"minecraft:fly_one_cm":314134,"minecraft:open_chest":6,"tombstone:undead_killed":7,"minecraft:crouch_one_cm":4150,"minecraft:play_time":51059,"minecraft:deaths":5,"minecraft:sneak_time":1361,"minecraft:walk_under_water_one_cm":1302,"minecraft:jump":1224,"minecraft:walk_on_water_one_cm":3789,"minecraft:total_world_time":51059,"minecraft:fall_one_cm":27350}},"DataVersion":3465}