{"stats":{"minecraft:dropped":{"butcher:chickenfoot":4,"minecraft:wheat_seeds":23,"minecraft:rotten_flesh":2,"minecraft:gunpowder":2,"minecraft:cornflower":1,"minecraft:leather_boots":3,"minecraft:egg":1},"minecraft:killed":{"minecraft:pig":5,"alexsmobs:grizzly_bear":2,"minecraft:spider":2,"alexsmobs:seagull":2,"minecraft:sheep":1,"minecraft:skeleton":1,"minecraft:zombie":7},"minecraft:broken":{"minecraft:stone_pickaxe":1,"minecraft:leather_boots":1,"minecraft:stone_axe":2},"minecraft:crafted":{"minecraft:oak_door":3,"minecraft:oak_planks":492,"minecraft:cooked_porkchop":4,"iceandfire:silver_ingot":1,"minecraft:crafting_table":1,"minecraft:baked_potato":3,"minecraft:wooden_pickaxe":1,"iceandfire:silver_shovel":1,"minecraft:furnace":1,"minecraft:copper_ingot":1,"minecraft:cobblestone_stairs":4,"minecraft:bucket":1,"minecraft:stone_axe":2,"minecraft:cooked_mutton":2,"minecraft:air":0,"minecraft:iron_chestplate":1,"minecraft:iron_axe":1,"minecraft:oak_stairs":4,"minecraft:iron_pickaxe":1,"minecraft:iron_ingot":37,"minecraft:stone_pickaxe":1,"minecraft:stone_sword":1,"minecraft:gold_ingot":2},"minecraft:picked_up":{"minecraft:crafting_table":5,"minecraft:feather":3,"minecraft:stone_slab":4,"minecraft:oak_stairs":3,"alexscaves:cave_tablet":3,"alexsmobs:bear_fur":3,"minecraft:oak_log":123,"minecraft:yellow_bed":4,"minecraft:gunpowder":2,"minecraft:cobblestone_stairs":1,"minecraft:dirt":23,"minecraft:cornflower":2,"minecraft:string":11,"minecraft:leather_boots":1,"minecraft:bone":3,"iceandfire:pixie_jar_empty":1,"minecraft:apple":11,"minecraft:wheat_seeds":25,"minecraft:gold_nugget":18,"minecraft:bamboo":1,"minecraft:oak_planks":157,"minecraft:honeycomb":2,"minecraft:egg":2,"minecraft:furnace":2,"minecraft:stick":47,"iceandfire:copper_nugget":14,"minecraft:cooked_porkchop":1,"minecraft:dandelion":4,"minecraft:porkchop":13,"tombstone:grave_dust":1,"minecraft:prismarine_crystals":1,"minecraft:bundle":1,"minecraft:arrow":1,"minecraft:rotten_flesh":11,"minecraft:oak_sapling":50,"minecraft:mutton":2,"iceandfire:silver_nugget":10,"minecraft:coal":15,"butcher:chickenfoot":8,"minecraft:white_wool":1,"minecraft:cobblestone":161},"minecraft:killed_by":{"minecraft:player":2,"minecraft:skeleton":3,"minecraft:spider":1,"minecraft:zombie":2,"alexsmobs:grizzly_bear":3},"minecraft:mined":{"iceandfire:pixie_jar_empty":1,"minecraft:mossy_cobblestone":1,"iceandfire:copper_pile":2,"minecraft:cobblestone_stairs":1,"minecraft:dandelion":5,"minecraft:crafting_table":5,"minecraft:cornflower":2,"minecraft:grass_block":3,"minecraft:rose_bush":1,"minecraft:stone_slab":1,"minecraft:tall_grass":2,"minecraft:cobblestone":36,"minecraft:oak_planks":159,"minecraft:oxeye_daisy":1,"minecraft:furnace":2,"minecraft:yellow_bed":4,"minecraft:grass":76,"minecraft:oak_log":4,"minecraft:coal_ore":11,"iceandfire:silver_pile":3,"iceandfire:gold_pile":3,"minecraft:oak_stairs":3,"minecraft:dirt":21,"minecraft:cobweb":5,"minecraft:stone":124,"minecraft:oak_leaves":7},"minecraft:used":{"minecraft:cooked_mutton":2,"minecraft:water_bucket":1,"minecraft:rose_bush":1,"minecraft:stone_sword":94,"minecraft:cobblestone_stairs":5,"minecraft:baked_potato":3,"minecraft:oak_planks":446,"minecraft:stone_pickaxe":135,"minecraft:wooden_pickaxe":17,"minecraft:rotten_flesh":5,"minecraft:oak_door":2,"minecraft:dirt":39,"minecraft:crafting_table":6,"minecraft:apple":6,"minecraft:iron_axe":37,"minecraft:oak_stairs":7,"minecraft:bread":2,"minecraft:iron_pickaxe":38,"minecraft:stone_slab":4,"evilcraft:flesh_humanoid":1,"minecraft:bamboo":1,"minecraft:stone_axe":179,"minecraft:cobblestone":124,"minecraft:furnace":3,"minecraft:oak_sapling":27,"minecraft:porkchop":1,"minecraft:cooked_porkchop":4,"minecraft:bucket":1,"tombstone:gift":2,"minecraft:yellow_bed":4,"minecraft:egg":1,"iceandfire:silver_shovel":20,"iceandfire:pixie_jar_empty":1,"minecraft:dandelion":1},"minecraft:custom":{"minecraft:interact_with_smithing_table":1,"minecraft:interact_with_furnace":11,"minecraft:mob_kills":21,"minecraft:interact_with_crafting_table":17,"minecraft:leave_game":1,"minecraft:time_since_death":21934,"minecraft:sleep_in_bed":6,"minecraft:time_since_rest":18953,"minecraft:sprint_one_cm":257216,"minecraft:damage_taken":4244,"minecraft:walk_one_cm":403056,"minecraft:drop":18,"minecraft:damage_dealt":4805,"minecraft:damage_dealt_absorbed":52,"minecraft:swim_one_cm":29514,"minecraft:fly_one_cm":571566,"minecraft:player_kills":1,"minecraft:open_chest":12,"minecraft:play_time":122504,"minecraft:crouch_one_cm":14016,"tombstone:undead_killed":8,"minecraft:deaths":11,"minecraft:sneak_time":3906,"minecraft:walk_under_water_one_cm":1852,"minecraft:jump":2511,"minecraft:interact_with_blast_furnace":3,"minecraft:walk_on_water_one_cm":7716,"minecraft:total_world_time":122504,"minecraft:fall_one_cm":61326}},"DataVersion":3465}