{"stats":{"minecraft:dropped":{"butcher:chickenfoot":4,"minecraft:wheat_seeds":25,"minecraft:cornflower":2,"minecraft:oak_door":1,"minecraft:birch_sapling":5,"minecraft:rotten_flesh":6,"evilcraft:poison_sac":1,"evilcraft:flesh_humanoid":3,"minecraft:gunpowder":2,"minecraft:leather_boots":3,"minecraft:spider_eye":1,"minecraft:egg":1},"minecraft:broken":{"minecraft:stone_pickaxe":1,"minecraft:iron_axe":1,"minecraft:leather_boots":1,"minecraft:stone_axe":2},"minecraft:killed":{"mca:female_zombie_villager":1,"minecraft:spider":4,"alexsmobs:seagull":2,"minecraft:skeleton":1,"minecraft:pig":5,"alexsmobs:grizzly_bear":2,"minecraft:wandering_trader":1,"minecraft:sheep":1,"evilcraft:poisonous_libelle":1,"minecraft:zombie":8},"minecraft:crafted":{"minecraft:oak_door":3,"minecraft:oak_planks":584,"iceandfire:silver_shovel":1,"refurbished_furniture:oak_chair":1,"minecraft:furnace":1,"minecraft:cobblestone_stairs":12,"minecraft:cooked_mutton":2,"minecraft:iron_axe":2,"minecraft:stone_pickaxe":1,"iceandfire:silver_ingot":1,"minecraft:cooked_porkchop":4,"minecraft:crafting_table":1,"minecraft:baked_potato":3,"minecraft:wooden_pickaxe":1,"minecraft:copper_ingot":1,"minecraft:bucket":1,"minecraft:birch_planks":108,"minecraft:stone_axe":2,"minecraft:air":0,"minecraft:iron_chestplate":1,"minecraft:iron_pickaxe":1,"minecraft:iron_ingot":37,"minecraft:oak_stairs":8,"minecraft:stone_sword":1,"minecraft:gold_ingot":2},"minecraft:picked_up":{"minecraft:crafting_table":5,"minecraft:chicken":1,"minecraft:stone_slab":4,"alexscaves:cave_tablet":3,"minecraft:oak_stairs":6,"minecraft:cornflower":2,"minecraft:string":14,"evilcraft:poison_sac":1,"minecraft:gold_nugget":18,"minecraft:birch_sapling":5,"minecraft:egg":2,"minecraft:furnace":2,"minecraft:stick":53,"minecraft:oak_door":1,"minecraft:porkchop":13,"tombstone:grave_dust":1,"minecraft:prismarine_crystals":1,"minecraft:arrow":1,"minecraft:rotten_flesh":19,"minecraft:red_tulip":3,"minecraft:mutton":2,"butcher:chickenfoot":8,"minecraft:white_wool":1,"minecraft:cobblestone":285,"minecraft:birch_log":27,"minecraft:feather":3,"butcher:cooked_villager_meat":2,"butcher:llamameat":5,"minecraft:birch_planks":71,"alexsmobs:bear_fur":3,"minecraft:oak_log":157,"minecraft:yellow_bed":4,"minecraft:gunpowder":2,"minecraft:cobblestone_stairs":1,"minecraft:dirt":70,"minecraft:leather_boots":1,"minecraft:bone":3,"iceandfire:pixie_jar_empty":1,"minecraft:apple":13,"minecraft:orange_tulip":1,"minecraft:wheat_seeds":29,"minecraft:bamboo":1,"minecraft:oak_planks":217,"minecraft:honeycomb":2,"iceandfire:copper_nugget":14,"minecraft:cooked_porkchop":1,"minecraft:dandelion":6,"minecraft:sand":32,"minecraft:spider_eye":1,"minecraft:bundle":2,"minecraft:oak_sapling":56,"minecraft:coal":15,"iceandfire:silver_nugget":10,"butcher:rawllamameat":4,"iceandfire:raw_silver":3},"minecraft:killed_by":{"minecraft:player":2,"minecraft:spider":1,"minecraft:skeleton":6,"minecraft:zombie":2,"alexsmobs:grizzly_bear":3},"minecraft:mined":{"minecraft:oak_sapling":2,"butcher:chicken_head":1,"iceandfire:silver_ore":3,"minecraft:mossy_cobblestone":1,"iceandfire:copper_pile":2,"minecraft:cobblestone_stairs":1,"minecraft:grass_block":38,"minecraft:oxeye_daisy":1,"minecraft:furnace":2,"minecraft:red_tulip":3,"iceandfire:gold_pile":3,"minecraft:oak_stairs":6,"minecraft:stone":243,"iceandfire:pixie_jar_empty":1,"butcher:hanging_llama_cut_1":1,"minecraft:dandelion":6,"minecraft:crafting_table":5,"minecraft:cornflower":2,"minecraft:rose_bush":1,"minecraft:stone_slab":1,"minecraft:tall_grass":3,"minecraft:copper_ore":1,"minecraft:cobblestone":36,"minecraft:oak_planks":226,"minecraft:birch_planks":71,"minecraft:orange_tulip":3,"minecraft:yellow_bed":4,"minecraft:grass":91,"iceandfire:silver_pile":3,"minecraft:oak_log":4,"minecraft:coal_ore":11,"minecraft:sand":32,"minecraft:dirt":36,"minecraft:cobweb":5,"minecraft:oak_leaves":11},"minecraft:used":{"minecraft:stone_sword":132,"minecraft:rose_bush":1,"minecraft:rotten_flesh":9,"minecraft:oak_door":3,"minecraft:dirt":85,"minecraft:iron_axe":200,"minecraft:oak_stairs":14,"evilcraft:flesh_humanoid":1,"minecraft:bamboo":1,"butcher:llamameat":5,"minecraft:oak_sapling":56,"minecraft:furnace":3,"tombstone:gift":2,"minecraft:egg":1,"iceandfire:pixie_jar_empty":1,"minecraft:cooked_mutton":2,"minecraft:water_bucket":2,"minecraft:cobblestone_stairs":13,"minecraft:baked_potato":3,"minecraft:birch_planks":114,"minecraft:stone_pickaxe":135,"minecraft:oak_planks":772,"minecraft:wooden_pickaxe":17,"minecraft:crafting_table":6,"minecraft:apple":6,"minecraft:bread":2,"minecraft:iron_pickaxe":162,"minecraft:stone_slab":4,"minecraft:stone_axe":179,"minecraft:cobblestone":258,"minecraft:porkchop":1,"minecraft:cooked_porkchop":4,"minecraft:bucket":3,"minecraft:yellow_bed":4,"iceandfire:silver_shovel":99,"minecraft:dandelion":6,"refurbished_furniture:oak_chair":1},"minecraft:custom":{"minecraft:interact_with_smithing_table":1,"minecraft:mob_kills":27,"minecraft:interact_with_crafting_table":21,"minecraft:leave_game":2,"minecraft:time_since_death":15758,"minecraft:sprint_one_cm":399254,"minecraft:walk_one_cm":641550,"minecraft:drop":26,"minecraft:damage_dealt_absorbed":52,"minecraft:talked_to_villager":1,"minecraft:play_time":184512,"minecraft:deaths":15,"minecraft:sneak_time":9429,"minecraft:walk_under_water_one_cm":3798,"minecraft:jump":3688,"minecraft:interact_with_blast_furnace":3,"minecraft:walk_on_water_one_cm":11338,"minecraft:total_world_time":184512,"minecraft:interact_with_furnace":15,"minecraft:sleep_in_bed":6,"minecraft:time_since_rest":15310,"minecraft:damage_taken":5575,"minecraft:damage_dealt":6286,"minecraft:swim_one_cm":38512,"minecraft:fly_one_cm":797414,"minecraft:player_kills":1,"minecraft:open_chest":14,"minecraft:crouch_one_cm":37210,"tombstone:undead_killed":10,"tombstone:villager_killed":1,"minecraft:use_cauldron":1,"minecraft:fall_one_cm":90025}},"DataVersion":3465}