{"stats":{"minecraft:dropped":{"butcher:chickenfoot":4,"minecraft:wheat_seeds":25,"minecraft:cornflower":2,"minecraft:oak_door":1,"minecraft:rotten_flesh":2,"minecraft:gunpowder":2,"minecraft:leather_boots":3,"minecraft:spider_eye":1,"minecraft:egg":1},"minecraft:broken":{"minecraft:stone_pickaxe":1,"minecraft:leather_boots":1,"minecraft:stone_axe":2},"minecraft:killed":{"mca:female_zombie_villager":1,"minecraft:spider":4,"alexsmobs:seagull":2,"minecraft:skeleton":1,"minecraft:pig":5,"alexsmobs:grizzly_bear":2,"minecraft:wandering_trader":1,"minecraft:sheep":1,"minecraft:zombie":8},"minecraft:crafted":{"minecraft:oak_door":3,"minecraft:oak_planks":548,"iceandfire:silver_shovel":1,"refurbished_furniture:oak_chair":1,"minecraft:furnace":1,"minecraft:cobblestone_stairs":4,"minecraft:cooked_mutton":2,"minecraft:iron_axe":1,"minecraft:stone_pickaxe":1,"iceandfire:silver_ingot":1,"minecraft:cooked_porkchop":4,"minecraft:crafting_table":1,"minecraft:wooden_pickaxe":1,"minecraft:baked_potato":3,"minecraft:copper_ingot":1,"minecraft:bucket":1,"minecraft:stone_axe":2,"minecraft:air":0,"minecraft:iron_chestplate":1,"minecraft:iron_ingot":37,"minecraft:iron_pickaxe":1,"minecraft:oak_stairs":4,"minecraft:stone_sword":1,"minecraft:gold_ingot":2},"minecraft:picked_up":{"minecraft:crafting_table":5,"minecraft:chicken":1,"minecraft:stone_slab":4,"alexscaves:cave_tablet":3,"minecraft:oak_stairs":3,"minecraft:cornflower":2,"minecraft:string":14,"minecraft:gold_nugget":18,"minecraft:birch_sapling":5,"minecraft:furnace":2,"minecraft:egg":2,"minecraft:stick":50,"minecraft:oak_door":1,"minecraft:porkchop":13,"tombstone:grave_dust":1,"minecraft:prismarine_crystals":1,"minecraft:arrow":1,"minecraft:rotten_flesh":14,"minecraft:red_tulip":3,"minecraft:mutton":2,"butcher:chickenfoot":8,"minecraft:white_wool":1,"minecraft:cobblestone":246,"minecraft:birch_log":27,"minecraft:feather":3,"alexsmobs:bear_fur":3,"butcher:llamameat":1,"minecraft:oak_log":137,"minecraft:yellow_bed":4,"minecraft:gunpowder":2,"minecraft:cobblestone_stairs":1,"minecraft:dirt":69,"minecraft:leather_boots":1,"minecraft:bone":3,"minecraft:apple":13,"iceandfire:pixie_jar_empty":1,"minecraft:wheat_seeds":29,"minecraft:orange_tulip":1,"minecraft:bamboo":1,"minecraft:honeycomb":2,"minecraft:oak_planks":200,"iceandfire:copper_nugget":14,"minecraft:cooked_porkchop":1,"minecraft:dandelion":6,"minecraft:spider_eye":1,"minecraft:bundle":2,"minecraft:oak_sapling":56,"iceandfire:raw_silver":3,"minecraft:coal":15,"iceandfire:silver_nugget":10,"butcher:rawllamameat":4},"minecraft:killed_by":{"minecraft:player":2,"minecraft:spider":1,"minecraft:skeleton":5,"minecraft:zombie":2,"alexsmobs:grizzly_bear":3},"minecraft:mined":{"minecraft:oak_sapling":2,"butcher:chicken_head":1,"iceandfire:silver_ore":3,"minecraft:mossy_cobblestone":1,"iceandfire:copper_pile":2,"minecraft:cobblestone_stairs":1,"minecraft:grass_block":36,"minecraft:oxeye_daisy":1,"minecraft:furnace":2,"minecraft:red_tulip":3,"iceandfire:gold_pile":3,"minecraft:oak_stairs":3,"minecraft:stone":204,"iceandfire:pixie_jar_empty":1,"butcher:hanging_llama_cut_1":1,"minecraft:dandelion":6,"minecraft:cornflower":2,"minecraft:crafting_table":5,"minecraft:rose_bush":1,"minecraft:stone_slab":1,"minecraft:tall_grass":3,"minecraft:copper_ore":1,"minecraft:cobblestone":36,"minecraft:oak_planks":209,"minecraft:orange_tulip":3,"minecraft:yellow_bed":4,"minecraft:grass":88,"iceandfire:silver_pile":3,"minecraft:coal_ore":11,"minecraft:oak_log":4,"minecraft:dirt":36,"minecraft:cobweb":5,"minecraft:oak_leaves":10},"minecraft:used":{"minecraft:rose_bush":1,"minecraft:stone_sword":122,"minecraft:rotten_flesh":9,"minecraft:oak_door":2,"minecraft:dirt":85,"minecraft:iron_axe":102,"minecraft:oak_stairs":7,"evilcraft:flesh_humanoid":1,"minecraft:bamboo":1,"butcher:llamameat":1,"minecraft:oak_sapling":56,"minecraft:furnace":3,"tombstone:gift":2,"minecraft:egg":1,"iceandfire:pixie_jar_empty":1,"minecraft:cooked_mutton":2,"minecraft:water_bucket":2,"minecraft:cobblestone_stairs":5,"minecraft:stone_pickaxe":135,"minecraft:baked_potato":3,"minecraft:oak_planks":723,"minecraft:wooden_pickaxe":17,"minecraft:crafting_table":6,"minecraft:apple":6,"minecraft:bread":2,"minecraft:iron_pickaxe":123,"minecraft:stone_slab":4,"minecraft:stone_axe":179,"minecraft:cobblestone":220,"minecraft:cooked_porkchop":4,"minecraft:porkchop":1,"minecraft:bucket":3,"minecraft:yellow_bed":4,"iceandfire:silver_shovel":65,"minecraft:dandelion":6,"refurbished_furniture:oak_chair":1},"minecraft:custom":{"minecraft:interact_with_smithing_table":1,"minecraft:mob_kills":26,"minecraft:interact_with_crafting_table":17,"minecraft:leave_game":1,"minecraft:time_since_death":13851,"minecraft:sprint_one_cm":351783,"minecraft:walk_one_cm":562813,"minecraft:drop":22,"minecraft:damage_dealt_absorbed":52,"minecraft:talked_to_villager":1,"minecraft:play_time":164504,"minecraft:deaths":14,"minecraft:sneak_time":7638,"minecraft:walk_under_water_one_cm":3350,"minecraft:jump":3410,"minecraft:interact_with_blast_furnace":3,"minecraft:walk_on_water_one_cm":10209,"minecraft:total_world_time":164504,"minecraft:interact_with_furnace":13,"minecraft:sleep_in_bed":6,"minecraft:time_since_rest":13529,"minecraft:damage_taken":5009,"minecraft:damage_dealt":6070,"minecraft:player_kills":1,"minecraft:swim_one_cm":29957,"minecraft:fly_one_cm":749391,"minecraft:open_chest":12,"minecraft:crouch_one_cm":30268,"tombstone:undead_killed":10,"tombstone:villager_killed":1,"minecraft:fall_one_cm":82482,"minecraft:use_cauldron":1}},"DataVersion":3465}