{"stats":{"minecraft:mined":{"minecraft:oak_sapling":2,"butcher:chicken_head":1,"iceandfire:silver_ore":3,"minecraft:mossy_cobblestone":1,"iceandfire:copper_pile":2,"refurbished_furniture:oak_chair":1,"minecraft:cobblestone_stairs":3,"minecraft:grass_block":77,"minecraft:oxeye_daisy":1,"minecraft:spruce_sapling":1,"minecraft:furnace":2,"minecraft:red_tulip":3,"iceandfire:gold_pile":3,"minecraft:oak_stairs":6,"minecraft:stone":306,"iceandfire:pixie_jar_empty":1,"minecraft:glass_pane":1,"butcher:hanging_llama_cut_1":1,"minecraft:dandelion":7,"minecraft:crafting_table":5,"minecraft:cornflower":2,"minecraft:rose_bush":1,"minecraft:stone_slab":1,"minecraft:tall_grass":3,"minecraft:copper_ore":1,"minecraft:cobblestone":39,"minecraft:oak_planks":434,"minecraft:damaged_anvil":1,"minecraft:birch_sapling":1,"minecraft:birch_planks":130,"minecraft:torchflower":1,"minecraft:orange_tulip":3,"minecraft:bee_nest":1,"minecraft:yellow_bed":4,"minecraft:grass":106,"minecraft:oak_log":4,"minecraft:coal_ore":11,"iceandfire:silver_pile":3,"minecraft:sand":32,"minecraft:dirt":65,"minecraft:cobweb":5,"minecraft:oak_leaves":13},"minecraft:killed_by":{"minecraft:player":4,"minecraft:creeper":1,"minecraft:spider":1,"minecraft:skeleton":8,"minecraft:zombie":2,"alexsmobs:grizzly_bear":3},"minecraft:custom":{"minecraft:interact_with_smithing_table":1,"minecraft:mob_kills":43,"minecraft:interact_with_crafting_table":36,"minecraft:interact_with_campfire":1,"minecraft:leave_game":4,"minecraft:time_since_death":14021,"minecraft:sprint_one_cm":610998,"minecraft:walk_one_cm":1099738,"minecraft:drop":59,"minecraft:damage_dealt_absorbed":132,"minecraft:talked_to_villager":1,"minecraft:play_time":312583,"minecraft:deaths":20,"minecraft:sneak_time":16086,"minecraft:walk_under_water_one_cm":8149,"minecraft:jump":4964,"minecraft:interact_with_blast_furnace":3,"minecraft:walk_on_water_one_cm":14717,"minecraft:total_world_time":312583,"minecraft:interact_with_furnace":17,"minecraft:sleep_in_bed":7,"tombstone:pray_on_grave":1,"minecraft:time_since_rest":13685,"minecraft:damage_taken":9062,"minecraft:damage_dealt":8835,"minecraft:player_kills":1,"minecraft:swim_one_cm":43366,"minecraft:fly_one_cm":1029749,"minecraft:open_chest":49,"minecraft:crouch_one_cm":113582,"tombstone:undead_killed":15,"tombstone:villager_killed":1,"minecraft:fall_one_cm":144309,"minecraft:use_cauldron":1},"minecraft:killed":{"mca:female_zombie_villager":1,"minecraft:zombified_piglin":1,"alexsmobs:raccoon":1,"minecraft:spider":7,"alexsmobs:seagull":2,"minecraft:skeleton":5,"minecraft:chicken":4,"minecraft:pig":5,"alexsmobs:grizzly_bear":2,"minecraft:wandering_trader":1,"minecraft:creeper":1,"minecraft:sheep":1,"minecraft:zombie":8,"evilcraft:poisonous_libelle":2,"alexsmobs:fly":1},"minecraft:broken":{"minecraft:stone_pickaxe":1,"minecraft:iron_axe":3,"minecraft:leather_boots":1,"minecraft:stone_axe":2,"slashblade:slashblade_wood":2},"minecraft:picked_up":{"minecraft:crafting_table":5,"minecraft:chicken":2,"refurbished_furniture:oak_chair":1,"minecraft:stone_slab":4,"alexscaves:cave_tablet":3,"minecraft:oak_stairs":6,"minecraft:cornflower":3,"minecraft:string":15,"evilcraft:poison_sac":2,"minecraft:gold_nugget":19,"alexsmobs:raccoon_tail":1,"minecraft:birch_sapling":21,"minecraft:furnace":2,"minecraft:egg":2,"tombstone:ankh_of_pray":1,"minecraft:stick":97,"minecraft:oak_door":1,"minecraft:porkchop":13,"tombstone:grave_dust":2,"minecraft:carrot":5,"minecraft:prismarine_crystals":1,"minecraft:arrow":5,"minecraft:rotten_flesh":19,"minecraft:red_tulip":6,"minecraft:mutton":2,"butcher:chickenfoot":8,"minecraft:white_wool":1,"minecraft:cobblestone":396,"minecraft:birch_log":98,"minecraft:feather":3,"butcher:cooked_villager_meat":2,"minecraft:leather":6,"minecraft:torchflower":1,"minecraft:birch_planks":144,"alexsmobs:bear_fur":3,"butcher:llamameat":5,"minecraft:oak_log":263,"minecraft:golden_boots":1,"minecraft:yellow_bed":4,"minecraft:gunpowder":2,"minecraft:cobblestone_stairs":3,"minecraft:dirt":136,"minecraft:leather_boots":1,"minecraft:bone":7,"iceandfire:pixie_jar_empty":1,"minecraft:apple":18,"minecraft:wheat_seeds":31,"minecraft:orange_tulip":2,"minecraft:cooked_chicken":8,"minecraft:bamboo":1,"minecraft:oak_planks":412,"minecraft:honeycomb":2,"slashblade:proudsoul_tiny":1,"iceandfire:copper_nugget":14,"minecraft:cooked_porkchop":1,"minecraft:dandelion":9,"minecraft:sand":32,"evilcraft:vengeance_ring":1,"minecraft:spruce_sapling":1,"minecraft:spider_eye":5,"minecraft:bundle":2,"minecraft:bread":41,"minecraft:oak_sapling":85,"minecraft:damaged_anvil":1,"iceandfire:silver_nugget":10,"minecraft:coal":15,"butcher:rawllamameat":4,"iceandfire:raw_silver":3},"minecraft:crafted":{"minecraft:wooden_sword":2,"minecraft:oak_door":3,"minecraft:oak_planks":892,"spartanweaponry:iron_scythe":1,"iceandfire:silver_shovel":1,"refurbished_furniture:oak_chair":1,"minecraft:furnace":1,"minecraft:cobblestone_stairs":20,"slashblade:slashblade_wood":2,"minecraft:cooked_mutton":2,"minecraft:glass_pane":64,"minecraft:glass":32,"minecraft:diamond_helmet":1,"minecraft:iron_boots":1,"minecraft:iron_axe":3,"minecraft:stone_pickaxe":1,"minecraft:chest":1,"iceandfire:silver_ingot":1,"minecraft:cooked_porkchop":4,"spartanweaponry:pole":4,"minecraft:diamond_axe":1,"minecraft:crafting_table":1,"minecraft:iron_helmet":1,"minecraft:baked_potato":3,"minecraft:wooden_pickaxe":1,"minecraft:iron_sword":1,"minecraft:copper_ingot":1,"minecraft:bucket":1,"minecraft:birch_planks":392,"minecraft:stone_axe":2,"minecraft:air":0,"minecraft:iron_chestplate":1,"alexsmobs:falconry_glove":1,"minecraft:iron_ingot":37,"minecraft:iron_pickaxe":1,"minecraft:oak_stairs":8,"minecraft:stone_sword":1,"minecraft:iron_leggings":1,"minecraft:gold_ingot":2},"minecraft:dropped":{"butcher:chickenfoot":4,"minecraft:wheat_seeds":31,"minecraft:orange_tulip":2,"tombstone:ankh_of_pray":1,"minecraft:cornflower":3,"minecraft:dandelion":2,"minecraft:oak_door":1,"minecraft:birch_sapling":10,"minecraft:rotten_flesh":10,"evilcraft:poison_sac":2,"evilcraft:flesh_humanoid":3,"minecraft:gunpowder":2,"minecraft:leather_boots":3,"minecraft:oak_sapling":4,"minecraft:spider_eye":5,"minecraft:red_tulip":6,"minecraft:egg":1},"minecraft:used":{"minecraft:rose_bush":1,"minecraft:stone_sword":132,"minecraft:chest":1,"minecraft:iron_sword":14,"minecraft:cooked_chicken":8,"minecraft:rotten_flesh":9,"minecraft:oak_door":3,"minecraft:dirt":154,"minecraft:carrot":9,"tombstone:ankh_of_pray":7,"minecraft:iron_axe":448,"minecraft:oak_stairs":14,"evilcraft:flesh_humanoid":1,"minecraft:bamboo":1,"butcher:llamameat":5,"minecraft:oak_sapling":56,"minecraft:furnace":3,"slashblade:slashblade_wood":123,"minecraft:netherite_pickaxe":4,"tombstone:gift":4,"minecraft:egg":1,"iceandfire:pixie_jar_empty":1,"minecraft:cooked_mutton":2,"minecraft:water_bucket":4,"minecraft:damaged_anvil":1,"minecraft:torchflower":1,"minecraft:cobblestone_stairs":23,"minecraft:baked_potato":3,"minecraft:birch_planks":381,"minecraft:stone_pickaxe":135,"minecraft:oak_planks":1260,"butcher:cooked_villager_meat":2,"minecraft:wooden_pickaxe":17,"minecraft:diamond_axe":55,"minecraft:crafting_table":6,"minecraft:apple":18,"minecraft:chicken":1,"minecraft:bread":15,"minecraft:iron_pickaxe":229,"minecraft:stone_slab":4,"minecraft:stone_axe":179,"minecraft:cobblestone":356,"minecraft:porkchop":1,"minecraft:cooked_porkchop":4,"minecraft:bucket":5,"minecraft:glass_pane":59,"minecraft:yellow_bed":4,"iceandfire:silver_shovel":165,"minecraft:dandelion":6,"refurbished_furniture:oak_chair":2,"spartanweaponry:iron_scythe":12}},"DataVersion":3465}