{"stats":{"minecraft:dropped":{"minecraft:wheat_seeds":2},"minecraft:killed":{"minecraft:pig":4},"minecraft:crafted":{"minecraft:oak_planks":12,"minecraft:cooked_porkchop":2,"minecraft:crafting_table":1,"minecraft:wooden_pickaxe":1,"minecraft:stone_pickaxe":1,"minecraft:furnace":1,"minecraft:stone_axe":1,"minecraft:air":0},"minecraft:picked_up":{"minecraft:stick":9,"minecraft:crafting_table":1,"minecraft:stone_slab":4,"minecraft:porkchop":7,"minecraft:oak_log":13,"minecraft:yellow_bed":1,"minecraft:rotten_flesh":2,"minecraft:apple":1,"minecraft:wheat_seeds":4,"minecraft:oak_sapling":9,"minecraft:coal":1,"minecraft:cobblestone":15},"minecraft:killed_by":{"minecraft:skeleton":1,"minecraft:spider":1},"minecraft:mined":{"minecraft:yellow_bed":1,"minecraft:crafting_table":1,"minecraft:grass":3,"minecraft:coal_ore":1,"minecraft:oak_log":3,"minecraft:rose_bush":1,"minecraft:stone_slab":1,"minecraft:tall_grass":1,"minecraft:cobblestone":9,"minecraft:stone":6,"minecraft:oak_leaves":1},"minecraft:used":{"minecraft:rose_bush":1,"minecraft:apple":1,"minecraft:stone_pickaxe":1,"minecraft:oak_planks":4,"minecraft:stone_slab":4,"minecraft:wooden_pickaxe":16,"evilcraft:flesh_humanoid":1,"minecraft:rotten_flesh":1,"minecraft:stone_axe":16,"minecraft:furnace":1,"minecraft:crafting_table":2,"minecraft:oak_sapling":4},"minecraft:custom":{"minecraft:time_since_rest":9163,"minecraft:interact_with_furnace":4,"minecraft:sprint_one_cm":42879,"minecraft:damage_taken":730,"minecraft:walk_one_cm":36701,"minecraft:mob_kills":4,"minecraft:drop":1,"minecraft:damage_dealt":548,"minecraft:swim_one_cm":19033,"minecraft:interact_with_crafting_table":7,"minecraft:fly_one_cm":117653,"minecraft:crouch_one_cm":356,"minecraft:play_time":15059,"minecraft:deaths":2,"minecraft:sneak_time":247,"minecraft:walk_under_water_one_cm":1302,"minecraft:jump":431,"minecraft:walk_on_water_one_cm":3789,"minecraft:time_since_death":11097,"minecraft:sleep_in_bed":1,"minecraft:total_world_time":15059,"minecraft:fall_one_cm":6802}},"DataVersion":3465}