{"stats":{"minecraft:dropped":{"butcher:chickenfoot":4,"minecraft:wheat_seeds":23,"minecraft:rotten_flesh":2,"minecraft:gunpowder":2,"minecraft:cornflower":1,"minecraft:leather_boots":3,"minecraft:egg":1},"minecraft:broken":{"minecraft:stone_axe":2},"minecraft:killed":{"minecraft:pig":5,"alexsmobs:grizzly_bear":2,"minecraft:spider":2,"alexsmobs:seagull":2,"minecraft:sheep":1,"minecraft:skeleton":1,"minecraft:zombie":6},"minecraft:crafted":{"minecraft:oak_planks":292,"minecraft:cooked_porkchop":4,"iceandfire:silver_ingot":1,"minecraft:crafting_table":1,"minecraft:baked_potato":3,"minecraft:wooden_pickaxe":1,"minecraft:furnace":1,"minecraft:copper_ingot":1,"minecraft:stone_axe":2,"minecraft:cooked_mutton":2,"minecraft:air":0,"minecraft:stone_pickaxe":1,"minecraft:stone_sword":1,"minecraft:gold_ingot":2},"minecraft:picked_up":{"minecraft:crafting_table":5,"minecraft:feather":1,"minecraft:stone_slab":4,"alexscaves:cave_tablet":3,"alexsmobs:bear_fur":3,"minecraft:oak_log":73,"minecraft:yellow_bed":3,"minecraft:gunpowder":2,"minecraft:dirt":2,"minecraft:cornflower":1,"minecraft:string":10,"minecraft:leather_boots":1,"minecraft:bone":2,"iceandfire:pixie_jar_empty":1,"minecraft:apple":10,"minecraft:wheat_seeds":23,"minecraft:gold_nugget":18,"minecraft:bamboo":1,"minecraft:oak_planks":135,"minecraft:honeycomb":2,"minecraft:egg":2,"minecraft:furnace":2,"minecraft:stick":30,"iceandfire:copper_nugget":14,"minecraft:cooked_porkchop":1,"minecraft:dandelion":1,"minecraft:porkchop":13,"tombstone:grave_dust":1,"minecraft:prismarine_crystals":1,"minecraft:bundle":1,"minecraft:arrow":1,"minecraft:rotten_flesh":9,"minecraft:oak_sapling":40,"minecraft:mutton":2,"iceandfire:silver_nugget":10,"minecraft:coal":14,"butcher:chickenfoot":8,"minecraft:white_wool":1,"minecraft:cobblestone":111},"minecraft:killed_by":{"minecraft:player":2,"minecraft:skeleton":3,"minecraft:spider":1,"minecraft:zombie":1,"alexsmobs:grizzly_bear":3},"minecraft:mined":{"iceandfire:pixie_jar_empty":1,"minecraft:mossy_cobblestone":1,"iceandfire:copper_pile":2,"minecraft:dandelion":2,"minecraft:crafting_table":5,"minecraft:cornflower":1,"minecraft:grass_block":2,"minecraft:rose_bush":1,"minecraft:stone_slab":1,"minecraft:tall_grass":2,"minecraft:cobblestone":36,"minecraft:oak_planks":136,"minecraft:furnace":2,"minecraft:yellow_bed":3,"minecraft:grass":69,"minecraft:oak_log":3,"minecraft:coal_ore":10,"iceandfire:silver_pile":3,"iceandfire:gold_pile":3,"minecraft:cobweb":5,"minecraft:stone":74,"minecraft:oak_leaves":7},"minecraft:used":{"minecraft:cooked_mutton":2,"minecraft:rose_bush":1,"minecraft:stone_sword":88,"minecraft:oak_planks":348,"minecraft:stone_pickaxe":120,"minecraft:wooden_pickaxe":17,"minecraft:rotten_flesh":1,"minecraft:dirt":11,"minecraft:crafting_table":6,"minecraft:apple":6,"minecraft:bread":2,"minecraft:stone_slab":4,"evilcraft:flesh_humanoid":1,"minecraft:bamboo":1,"minecraft:stone_axe":179,"minecraft:cobblestone":92,"minecraft:furnace":3,"minecraft:oak_sapling":27,"minecraft:porkchop":1,"minecraft:cooked_porkchop":4,"tombstone:gift":2,"minecraft:yellow_bed":3,"minecraft:egg":1,"iceandfire:pixie_jar_empty":1,"minecraft:dandelion":1},"minecraft:custom":{"minecraft:interact_with_smithing_table":1,"minecraft:interact_with_furnace":11,"minecraft:mob_kills":20,"minecraft:interact_with_crafting_table":10,"minecraft:leave_game":1,"minecraft:time_since_death":14278,"minecraft:sleep_in_bed":5,"minecraft:time_since_rest":13983,"minecraft:sprint_one_cm":211971,"minecraft:damage_taken":3607,"minecraft:walk_one_cm":318399,"minecraft:drop":18,"minecraft:damage_dealt":4436,"minecraft:swim_one_cm":28070,"minecraft:fly_one_cm":490914,"minecraft:player_kills":1,"minecraft:open_chest":7,"minecraft:play_time":98504,"minecraft:crouch_one_cm":11469,"tombstone:undead_killed":7,"minecraft:deaths":10,"minecraft:sneak_time":3127,"minecraft:walk_under_water_one_cm":1440,"minecraft:jump":2096,"minecraft:interact_with_blast_furnace":1,"minecraft:walk_on_water_one_cm":6547,"minecraft:total_world_time":98504,"minecraft:fall_one_cm":49684}},"DataVersion":3465}