{"stats":{"minecraft:dropped":{"butcher:chickenfoot":4,"minecraft:wheat_seeds":12,"minecraft:rotten_flesh":2,"minecraft:gunpowder":2,"minecraft:leather_boots":3,"minecraft:egg":1},"minecraft:broken":{"minecraft:stone_axe":1},"minecraft:killed":{"minecraft:pig":5,"alexsmobs:grizzly_bear":2,"minecraft:spider":2,"alexsmobs:seagull":2,"minecraft:sheep":1,"minecraft:skeleton":1,"minecraft:zombie":6},"minecraft:crafted":{"minecraft:oak_planks":108,"minecraft:cooked_porkchop":4,"iceandfire:silver_ingot":1,"minecraft:crafting_table":1,"minecraft:wooden_pickaxe":1,"minecraft:furnace":1,"minecraft:copper_ingot":1,"minecraft:stone_axe":2,"minecraft:cooked_mutton":2,"minecraft:air":0,"minecraft:stone_pickaxe":1,"minecraft:stone_sword":1,"minecraft:gold_ingot":2},"minecraft:picked_up":{"minecraft:crafting_table":5,"minecraft:feather":1,"minecraft:stone_slab":4,"alexscaves:cave_tablet":3,"alexsmobs:bear_fur":3,"minecraft:oak_log":27,"minecraft:yellow_bed":3,"minecraft:gunpowder":2,"minecraft:dirt":1,"minecraft:cornflower":1,"minecraft:string":10,"minecraft:leather_boots":1,"minecraft:bone":2,"iceandfire:pixie_jar_empty":1,"minecraft:apple":5,"minecraft:wheat_seeds":22,"minecraft:gold_nugget":18,"minecraft:bamboo":1,"minecraft:oak_planks":106,"minecraft:honeycomb":2,"minecraft:egg":2,"minecraft:furnace":2,"minecraft:stick":16,"iceandfire:copper_nugget":14,"minecraft:cooked_porkchop":1,"minecraft:dandelion":1,"minecraft:porkchop":13,"tombstone:grave_dust":1,"minecraft:prismarine_crystals":1,"minecraft:bundle":1,"minecraft:arrow":1,"minecraft:rotten_flesh":9,"minecraft:oak_sapling":23,"minecraft:mutton":2,"iceandfire:silver_nugget":10,"minecraft:coal":11,"butcher:chickenfoot":8,"minecraft:white_wool":1,"minecraft:cobblestone":78},"minecraft:killed_by":{"minecraft:skeleton":3,"minecraft:spider":1,"minecraft:zombie":1,"alexsmobs:grizzly_bear":3},"minecraft:mined":{"iceandfire:pixie_jar_empty":1,"iceandfire:copper_pile":2,"minecraft:dandelion":2,"minecraft:crafting_table":5,"minecraft:cornflower":1,"minecraft:grass_block":1,"minecraft:rose_bush":1,"minecraft:stone_slab":1,"minecraft:tall_grass":1,"minecraft:cobblestone":34,"minecraft:oak_planks":106,"minecraft:furnace":2,"minecraft:yellow_bed":3,"minecraft:grass":63,"minecraft:oak_log":3,"minecraft:coal_ore":7,"iceandfire:silver_pile":3,"iceandfire:gold_pile":3,"minecraft:cobweb":5,"minecraft:stone":43,"minecraft:oak_leaves":3},"minecraft:used":{"minecraft:cooked_mutton":2,"minecraft:rose_bush":1,"minecraft:stone_sword":84,"minecraft:oak_planks":183,"minecraft:stone_pickaxe":81,"minecraft:wooden_pickaxe":17,"minecraft:rotten_flesh":1,"minecraft:dirt":1,"minecraft:crafting_table":5,"minecraft:apple":3,"minecraft:bread":2,"minecraft:stone_slab":4,"evilcraft:flesh_humanoid":1,"minecraft:bamboo":1,"minecraft:stone_axe":134,"minecraft:cobblestone":25,"minecraft:furnace":2,"minecraft:oak_sapling":4,"minecraft:porkchop":1,"minecraft:cooked_porkchop":4,"tombstone:gift":2,"minecraft:yellow_bed":3,"minecraft:egg":1,"minecraft:dandelion":1},"minecraft:custom":{"minecraft:interact_with_smithing_table":1,"minecraft:interact_with_furnace":9,"minecraft:mob_kills":20,"minecraft:interact_with_crafting_table":10,"minecraft:leave_game":1,"minecraft:time_since_death":5837,"minecraft:sleep_in_bed":3,"minecraft:time_since_rest":5212,"minecraft:sprint_one_cm":157130,"minecraft:damage_taken":2863,"minecraft:walk_one_cm":231040,"minecraft:drop":14,"minecraft:damage_dealt":4117,"minecraft:swim_one_cm":26861,"minecraft:fly_one_cm":408576,"minecraft:open_chest":7,"minecraft:play_time":74504,"minecraft:crouch_one_cm":9785,"tombstone:undead_killed":7,"minecraft:deaths":8,"minecraft:sneak_time":2630,"minecraft:walk_under_water_one_cm":1373,"minecraft:jump":1633,"minecraft:walk_on_water_one_cm":5212,"minecraft:total_world_time":74504,"minecraft:fall_one_cm":38230}},"DataVersion":3465}