{"stats":{"minecraft:mined":{"minecraft:oak_sapling":1,"minecraft:obsidian":1,"minecraft:grass_block":98,"minecraft:fire":2,"minecraft:fletching_table":7,"minecraft:dirt_path":4,"minecraft:tripwire":12,"minecraft:torch":2,"minecraft:blast_furnace":2,"iceandfire:ghost_chest":2,"minecraft:chest":1,"minecraft:dead_bush":36,"iceandfire:fire_lily":1,"minecraft:nether_quartz_ore":4,"minecraft:cobblestone":10,"minecraft:sugar_cane":1,"minecraft:cyan_bed":2,"minecraft:oak_planks":51,"minecraft:wall_torch":10,"minecraft:wither_rose":4,"minecraft:grass":83,"minecraft:oak_log":8,"minecraft:sand":10,"minecraft:dirt":124,"minecraft:tripwire_hook":4,"minecraft:oak_leaves":83,"evilcraft:hardened_blood":7,"minecraft:dark_oak_leaves":4,"evilcraft:dark_tank":1,"minecraft:ladder":1,"minecraft:spruce_leaves":2,"minecraft:large_fern":2,"minecraft:oak_trapdoor":3,"minecraft:spruce_sapling":13,"minecraft:potatoes":2,"minecraft:vine":8,"minecraft:rail":36,"minecraft:white_tulip":1,"minecraft:stone":97,"minecraft:podzol":8,"minecraft:dandelion":1,"butcher:chicken_corpse":1,"minecraft:lectern":6,"minecraft:tall_grass":10,"minecraft:birch_planks":9,"minecraft:yellow_bed":6,"evilcraft:blood_stain":1,"minecraft:cobweb":4,"minecraft:cracked_stone_bricks":1,"minecraft:stone_bricks":30},"minecraft:killed_by":{"minecraft:creeper":1,"minecraft:zombie":4,"alexsmobs:grizzly_bear":1,"minecraft:player":8,"minecraft:spider":1,"minecraft:skeleton":6,"iceandfire:ghost":1},"minecraft:custom":{"minecraft:animals_bred":1,"minecraft:interact_with_crafting_table":97,"minecraft:eat_cake_slice":12,"minecraft:leave_game":12,"minecraft:time_since_death":3110,"minecraft:sprint_one_cm":1316851,"minecraft:drop":67,"minecraft:talked_to_villager":139,"minecraft:play_time":611121,"minecraft:deaths":28,"minecraft:jump":7889,"minecraft:walk_on_water_one_cm":28084,"minecraft:interact_with_furnace":38,"minecraft:traded_with_villager":351,"minecraft:interact_with_cartography_table":5,"minecraft:interact_with_loom":1,"minecraft:sleep_in_bed":26,"minecraft:damage_dealt":6029,"minecraft:player_kills":5,"minecraft:crouch_one_cm":24770,"tombstone:undead_killed":8,"tombstone:villager_killed":6,"minecraft:interact_with_smoker":5,"minecraft:inspect_dispenser":10,"minecraft:mob_kills":55,"minecraft:interact_with_anvil":1,"minecraft:climb_one_cm":21903,"minecraft:walk_one_cm":1165678,"minecraft:sneak_time":11904,"minecraft:walk_under_water_one_cm":14665,"minecraft:interact_with_blast_furnace":27,"minecraft:total_world_time":611121,"tombstone:pray_on_grave":3,"minecraft:time_since_rest":2687,"minecraft:damage_taken":10490,"minecraft:trigger_trapped_chest":2,"minecraft:swim_one_cm":31056,"minecraft:fly_one_cm":1602683,"minecraft:open_chest":487,"minecraft:fall_one_cm":220410},"minecraft:killed":{"alexsmobs:hummingbird":1,"minecraft:spider":1,"minecraft:skeleton":2,"minecraft:bee":1,"minecraft:chicken":13,"minecraft:pig":7,"minecraft:salmon":4,"minecraft:creeper":2,"minecraft:sheep":4,"minecraft:zombie":5,"alexsmobs:raccoon":2,"minecraft:squid":4,"alexsmobs:catfish":1,"evilcraft:poisonous_libelle":1,"iceandfire:ghost":1,"minecraft:villager":6},"minecraft:broken":{"slashblade:slashblade_wood":1,"minecraft:iron_axe":7,"minecraft:leather_boots":1},"minecraft:picked_up":{"minecraft:iron_chestplate":1,"minecraft:chainmail_boots":2,"minecraft:wither_rose":4,"iceandfire:manuscript":9,"minecraft:string":27,"minecraft:gold_nugget":3,"minecraft:dark_oak_leaves":1,"minecraft:spruce_planks":22,"minecraft:white_tulip":1,"minecraft:iron_pickaxe":2,"alexsmobs:raccoon_tail":2,"minecraft:stick":365,"iceandfire:ghost_chest":3,"minecraft:torch":11,"minecraft:porkchop":4,"iceandfire:rotten_egg":1,"tombstone:grave_dust":2,"minecraft:vine":7,"minecraft:rotten_flesh":8,"butcher:chicken_corpse_item":1,"minecraft:obsidian":1,"minecraft:snowball":1,"minecraft:cobblestone":107,"evilcraft:vengeance_pickaxe":1,"minecraft:birch_log":56,"minecraft:feather":9,"minecraft:jungle_log":11,"minecraft:potato":8,"minecraft:dirt":256,"minecraft:leather_boots":1,"minecraft:bone":9,"minecraft:wheat_seeds":15,"minecraft:fletching_table":7,"minecraft:oak_planks":97,"minecraft:poisonous_potato":1,"evilcraft:dark_gem_crushed":27,"minecraft:sand":10,"minecraft:ink_sac":18,"minecraft:dead_bush":29,"minecraft:cyan_bed":2,"alexsmobs:animal_dictionary":1,"minecraft:mossy_cobblestone":1,"minecraft:diamond":6,"minecraft:lever":1,"minecraft:grass":25,"spartanweaponry:iron_heavy_crossbow":1,"minecraft:bread":34,"minecraft:spruce_button":40,"minecraft:emerald":43,"minecraft:oak_sapling":243,"minecraft:oak_leaves":70,"minecraft:ladder":1,"minecraft:chicken":13,"evilcraft:dark_power_gem":1,"iceandfire:fire_lily":1,"minecraft:oak_trapdoor":3,"butcher:lamb_loin":1,"evilcraft:poison_sac":1,"minecraft:cracked_stone_bricks":1,"iceandfire:graveyard_soil":2,"minecraft:oak_boat":1,"minecraft:poppy":1,"minecraft:lectern":6,"evilcraft:hardened_blood_shard":24,"minecraft:minecart":7,"minecraft:sugar_cane":2,"minecraft:chest":1,"minecraft:birch_sapling":19,"minecraft:egg":25,"tombstone:ankh_of_pray":1,"butcher:pighead":4,"minecraft:copper_ingot":1,"minecraft:arrow":1,"minecraft:cooked_cod":5,"minecraft:gold_ingot":54,"minecraft:mutton":7,"minecraft:white_wool":4,"minecraft:rail":35,"minecraft:oxeye_daisy":2,"minecraft:air":0,"butcher:pork_leg":1,"minecraft:tripwire_hook":4,"minecraft:salmon":3,"minecraft:fern":8,"minecraft:birch_planks":10,"minecraft:oak_log":766,"minecraft:yellow_bed":6,"minecraft:gunpowder":1,"minecraft:cooked_mutton":1,"minecraft:stone_bricks":31,"minecraft:apple":33,"minecraft:iron_ingot":191,"minecraft:cooked_chicken":7,"minecraft:cobweb":14,"slashblade:proudsoul_tiny":1,"evilcraft:undead_log":13,"minecraft:quartz":6,"minecraft:dandelion":5,"minecraft:spruce_sapling":152,"minecraft:blast_furnace":2,"minecraft:spruce_log":750,"evilcraft:dark_tank":1,"alexsmobs:raw_catfish":1,"minecraft:iron_helmet":1,"evilcraft:dark_gem":67,"minecraft:melon_seeds":1},"minecraft:crafted":{"minecraft:oak_planks":2920,"minecraft:cooked_chicken":9,"iceandfire:tide_deepblue_chestplate":1,"minecraft:stone":33,"minecraft:lever":1,"minecraft:bookshelf":1,"minecraft:cracked_stone_bricks":8,"evilcraft:vengeance_ring":1,"spartanweaponry:bolt":20,"minecraft:glass":9,"minecraft:bow":1,"minecraft:diamond_leggings":1,"minecraft:iron_boots":22,"evilcraft:blood_extractor":4,"explorerscompass:explorerscompass":1,"minecraft:chest":4,"minecraft:oak_button":1,"minecraft:stone_bricks":32,"evilcraft:undead_planks":16,"minecraft:oak_slab":18,"minecraft:emerald":298,"minecraft:arrow":16,"minecraft:diamond_axe":1,"minecraft:crafting_table":1,"minecraft:spruce_planks":2988,"minecraft:fletching_table":4,"minecraft:birch_planks":240,"spartanweaponry:iron_longbow":1,"minecraft:dispenser":1,"minecraft:lectern":1,"minecraft:wooden_hoe":1,"minecraft:stick":9739,"minecraft:compass":1,"minecraft:iron_ingot":5,"minecraft:iron_block":3,"minecraft:stone_sword":1,"minecraft:redstone_torch":1,"minecraft:composter":2,"evilcraft:vengeance_pickaxe":1,"minecraft:shears":3,"evilcraft:dark_spike":16,"minecraft:wooden_sword":1,"minecraft:tripwire_hook":4,"minecraft:iron_nugget":9,"evilcraft:blood_chest":1,"minecraft:spruce_button":40,"slashblade:slashblade_wood":1,"minecraft:bone_meal":141,"minecraft:oak_trapdoor":4,"minecraft:iron_axe":7,"evilcraft:dark_stick":8,"evilcraft:darkened_apple":1,"minecraft:diamond_boots":3,"minecraft:minecart":1,"minecraft:diamond_sword":1,"evilcraft:dark_tank":1,"evilcraft:blood_infusion_core":2,"minecraft:bucket":2,"minecraft:enchanted_book":1,"minecraft:air":0,"minecraft:jungle_planks":44,"minecraft:chainmail_boots":22,"evilcraft:blood_infuser":1,"minecraft:iron_shovel":1,"minecraft:anvil":1,"spartanweaponry:iron_heavy_crossbow":2,"minecraft:torch":76},"minecraft:dropped":{"minecraft:emerald":1,"minecraft:dirt":4,"evilcraft:vengeance_ring":1,"minecraft:grass":25,"butcher:lamb_loin":1,"butcher:pork_leg":1,"minecraft:gold_nugget":2,"minecraft:iron_pickaxe":1,"spartanweaponry:iron_heavy_crossbow":2,"alexsmobs:animal_dictionary":1,"minecraft:birch_sapling":4,"minecraft:fern":4,"evilcraft:flesh_humanoid":1,"iceandfire:ghost_chest":1,"minecraft:melon_seeds":1,"minecraft:chainmail_boots":1,"minecraft:oak_leaves":8,"minecraft:iron_ingot":31,"minecraft:bread":1,"minecraft:vine":7,"minecraft:wheat_seeds":6,"evilcraft:undead_log":2,"minecraft:poisonous_potato":1,"minecraft:iron_helmet":1,"minecraft:feather":1,"evilcraft:dark_gem":1,"minecraft:spruce_button":80,"evilcraft:vengeance_pickaxe":1,"tombstone:ankh_of_pray":1,"minecraft:stick":111,"minecraft:oxeye_daisy":1,"minecraft:wooden_hoe":1,"minecraft:string":1,"minecraft:spruce_sapling":101,"minecraft:dandelion":3,"minecraft:chicken":1,"minecraft:filled_map":1,"minecraft:potato":1,"minecraft:spruce_planks":2,"minecraft:oak_sapling":23,"minecraft:spruce_log":3,"minecraft:diamond_boots":1},"minecraft:used":{"minecraft:iron_shovel":121,"minecraft:dispenser":1,"evilcraft:blood_chest":1,"minecraft:chest":5,"butcher:chicken_corpse_item":1,"minecraft:snowball":1,"minecraft:obsidian":1,"minecraft:glass":2,"minecraft:villager_spawn_egg":12,"iceandfire:ghost_chest":1,"minecraft:stone_bricks":57,"minecraft:oak_sapling":1,"minecraft:cooked_cod":2,"minecraft:egg":18,"minecraft:potato":5,"alexscaves:tremorsaurus_egg":1,"minecraft:powered_rail":2,"minecraft:oak_planks":584,"minecraft:composter":2,"minecraft:diamond_axe":65,"minecraft:oak_leaves":35,"evilcraft:undead_sapling":2,"minecraft:blast_furnace":2,"minecraft:shears":141,"minecraft:redstone_torch":1,"minecraft:lever":2,"minecraft:cyan_bed":2,"minecraft:bread":35,"minecraft:string":23,"minecraft:lectern":7,"minecraft:diamond_sword":7,"minecraft:bone_meal":159,"minecraft:cobweb":5,"minecraft:oak_trapdoor":7,"minecraft:stone_sword":26,"minecraft:flint_and_steel":2,"evilcraft:vengeance_pickaxe":7,"minecraft:spruce_planks":1,"minecraft:cooked_chicken":13,"minecraft:torch":51,"minecraft:dirt":102,"minecraft:anvil":1,"spartanweaponry:iron_longbow":17,"evilcraft:undead_log":1,"tombstone:ankh_of_pray":22,"minecraft:iron_axe":237,"minecraft:chicken_spawn_egg":15,"evilcraft:flesh_humanoid":1,"iceandfire:tide_deepblue_chestplate":1,"minecraft:tripwire_hook":6,"slashblade:slashblade_wood":60,"minecraft:minecart":2,"tombstone:gift":3,"minecraft:cooked_mutton":1,"minecraft:water_bucket":8,"minecraft:birch_planks":177,"evilcraft:blood_infuser":1,"butcher:cooked_villager_meat":1,"minecraft:fletching_table":11,"minecraft:leather_boots":1,"minecraft:cracked_stone_bricks":4,"minecraft:mossy_cobblestone":1,"minecraft:rail":50,"minecraft:crafting_table":1,"minecraft:spruce_log":4,"minecraft:cake":1,"minecraft:oak_log":7,"minecraft:wooden_hoe":40,"minecraft:apple":16,"minecraft:oxeye_daisy":1,"minecraft:oak_button":1,"minecraft:iron_pickaxe":211,"spartanweaponry:iron_heavy_crossbow":14,"minecraft:spruce_sapling":51,"minecraft:cobblestone":14,"evilcraft:dark_tank":1,"minecraft:bucket":8,"minecraft:yellow_bed":6}},"DataVersion":3465}