{"stats":{"minecraft:killed_by":{"minecraft:player":5,"minecraft:creeper":1,"minecraft:spider":1,"minecraft:skeleton":6,"minecraft:zombie":4,"alexsmobs:grizzly_bear":1,"iceandfire:ghost":1},"minecraft:crafted":{"evilcraft:dark_spike":16,"minecraft:wooden_sword":1,"minecraft:oak_planks":2604,"minecraft:tripwire_hook":4,"iceandfire:tide_deepblue_chestplate":1,"minecraft:stone":33,"slashblade:slashblade_wood":1,"minecraft:bone_meal":30,"minecraft:lever":1,"minecraft:cracked_stone_bricks":8,"minecraft:bookshelf":1,"minecraft:oak_trapdoor":4,"minecraft:glass":9,"minecraft:diamond_leggings":1,"minecraft:iron_boots":22,"minecraft:bow":1,"evilcraft:blood_extractor":4,"explorerscompass:explorerscompass":1,"minecraft:iron_axe":6,"minecraft:chest":2,"minecraft:diamond_boots":3,"evilcraft:darkened_apple":1,"minecraft:oak_button":1,"minecraft:stone_bricks":32,"minecraft:minecart":1,"minecraft:oak_slab":18,"minecraft:emerald":216,"minecraft:arrow":16,"evilcraft:dark_tank":1,"minecraft:spruce_planks":800,"minecraft:fletching_table":4,"minecraft:birch_planks":92,"minecraft:bucket":2,"spartanweaponry:iron_longbow":1,"minecraft:enchanted_book":1,"minecraft:air":0,"minecraft:jungle_planks":44,"minecraft:dispenser":1,"minecraft:lectern":1,"minecraft:wooden_hoe":1,"minecraft:compass":1,"minecraft:stick":6709,"minecraft:iron_ingot":5,"minecraft:chainmail_boots":22,"minecraft:stone_sword":1,"minecraft:iron_block":3,"minecraft:iron_shovel":1,"minecraft:anvil":1,"minecraft:redstone_torch":1,"spartanweaponry:iron_heavy_crossbow":1,"minecraft:composter":2,"minecraft:torch":8,"minecraft:shears":2},"minecraft:mined":{"minecraft:oak_sapling":1,"minecraft:dark_oak_leaves":4,"minecraft:ladder":1,"minecraft:grass_block":91,"minecraft:large_fern":2,"minecraft:oak_trapdoor":3,"minecraft:spruce_sapling":7,"minecraft:fire":1,"minecraft:fletching_table":7,"minecraft:potatoes":2,"minecraft:dirt_path":4,"minecraft:vine":8,"minecraft:rail":36,"minecraft:white_tulip":1,"minecraft:stone":95,"minecraft:tripwire":12,"minecraft:podzol":7,"minecraft:dandelion":1,"minecraft:blast_furnace":2,"iceandfire:ghost_chest":2,"minecraft:dead_bush":36,"iceandfire:fire_lily":1,"minecraft:lectern":6,"minecraft:tall_grass":5,"minecraft:cobblestone":10,"minecraft:cyan_bed":2,"minecraft:sugar_cane":1,"minecraft:oak_planks":25,"minecraft:wall_torch":5,"minecraft:wither_rose":4,"minecraft:yellow_bed":6,"minecraft:grass":57,"minecraft:oak_log":3,"minecraft:sand":10,"minecraft:dirt":123,"minecraft:cobweb":4,"minecraft:cracked_stone_bricks":1,"minecraft:tripwire_hook":4,"minecraft:stone_bricks":30,"minecraft:oak_leaves":28,"evilcraft:hardened_blood":3},"minecraft:picked_up":{"minecraft:iron_chestplate":1,"evilcraft:dark_power_gem":1,"iceandfire:fire_lily":1,"minecraft:chainmail_boots":2,"minecraft:chicken":11,"minecraft:ladder":1,"minecraft:wither_rose":4,"iceandfire:manuscript":9,"minecraft:oak_trapdoor":3,"minecraft:string":27,"butcher:lamb_loin":1,"minecraft:cracked_stone_bricks":1,"iceandfire:graveyard_soil":2,"minecraft:gold_nugget":3,"minecraft:dark_oak_leaves":1,"minecraft:white_tulip":1,"minecraft:oak_boat":1,"evilcraft:hardened_blood_shard":5,"alexsmobs:raccoon_tail":2,"minecraft:poppy":1,"minecraft:iron_pickaxe":2,"minecraft:minecart":7,"minecraft:lectern":6,"minecraft:sugar_cane":2,"minecraft:birch_sapling":8,"minecraft:egg":22,"minecraft:stick":203,"tombstone:ankh_of_pray":1,"iceandfire:ghost_chest":3,"minecraft:copper_ingot":1,"minecraft:torch":5,"minecraft:porkchop":4,"iceandfire:rotten_egg":1,"tombstone:grave_dust":2,"minecraft:vine":7,"minecraft:cooked_cod":5,"minecraft:rotten_flesh":7,"minecraft:mutton":5,"minecraft:white_wool":3,"minecraft:rail":35,"minecraft:cobblestone":105,"minecraft:oxeye_daisy":2,"minecraft:birch_log":23,"minecraft:feather":6,"minecraft:air":0,"butcher:pork_leg":1,"minecraft:tripwire_hook":4,"minecraft:salmon":3,"minecraft:jungle_log":11,"minecraft:fern":8,"minecraft:potato":6,"minecraft:oak_log":660,"minecraft:yellow_bed":6,"minecraft:dirt":246,"minecraft:leather_boots":1,"minecraft:cooked_mutton":1,"minecraft:bone":7,"minecraft:apple":32,"minecraft:stone_bricks":31,"minecraft:wheat_seeds":10,"minecraft:cobweb":14,"minecraft:cooked_chicken":7,"minecraft:iron_ingot":61,"minecraft:fletching_table":7,"minecraft:oak_planks":61,"slashblade:proudsoul_tiny":1,"minecraft:dandelion":5,"minecraft:poisonous_potato":1,"minecraft:sand":10,"minecraft:dead_bush":27,"minecraft:spruce_sapling":25,"minecraft:ink_sac":18,"minecraft:blast_furnace":2,"minecraft:spruce_log":200,"minecraft:cyan_bed":2,"alexsmobs:animal_dictionary":1,"minecraft:mossy_cobblestone":1,"alexsmobs:raw_catfish":1,"minecraft:lever":1,"minecraft:iron_helmet":1,"minecraft:grass":22,"minecraft:emerald":43,"minecraft:bread":34,"minecraft:oak_sapling":218,"minecraft:melon_seeds":1,"minecraft:oak_leaves":16},"minecraft:custom":{"minecraft:mob_kills":46,"minecraft:interact_with_anvil":1,"minecraft:animals_bred":1,"minecraft:interact_with_crafting_table":69,"minecraft:eat_cake_slice":11,"minecraft:leave_game":8,"minecraft:time_since_death":204173,"minecraft:climb_one_cm":21903,"minecraft:sprint_one_cm":1065384,"minecraft:walk_one_cm":818383,"minecraft:drop":38,"minecraft:talked_to_villager":120,"minecraft:play_time":434879,"minecraft:deaths":25,"minecraft:sneak_time":8982,"minecraft:walk_under_water_one_cm":14665,"minecraft:jump":6249,"minecraft:interact_with_blast_furnace":22,"minecraft:walk_on_water_one_cm":27246,"minecraft:total_world_time":434879,"minecraft:interact_with_furnace":34,"minecraft:traded_with_villager":268,"minecraft:interact_with_cartography_table":5,"minecraft:sleep_in_bed":15,"tombstone:pray_on_grave":2,"minecraft:time_since_rest":3669,"minecraft:damage_taken":8814,"minecraft:trigger_trapped_chest":2,"minecraft:damage_dealt":5545,"minecraft:swim_one_cm":31056,"minecraft:fly_one_cm":1347542,"minecraft:player_kills":3,"minecraft:open_chest":309,"minecraft:crouch_one_cm":17046,"tombstone:undead_killed":6,"tombstone:villager_killed":6,"minecraft:fall_one_cm":173705,"minecraft:inspect_dispenser":10},"minecraft:killed":{"alexsmobs:hummingbird":1,"alexsmobs:raccoon":2,"minecraft:spider":1,"minecraft:skeleton":1,"minecraft:chicken":11,"minecraft:pig":6,"minecraft:salmon":4,"minecraft:creeper":1,"minecraft:squid":4,"minecraft:sheep":3,"alexsmobs:catfish":1,"iceandfire:ghost":1,"minecraft:zombie":4,"minecraft:villager":6},"minecraft:broken":{"minecraft:iron_axe":5,"minecraft:leather_boots":1,"slashblade:slashblade_wood":1},"minecraft:used":{"minecraft:oak_trapdoor":7,"minecraft:stone_sword":26,"minecraft:iron_shovel":121,"minecraft:flint_and_steel":1,"minecraft:dispenser":1,"minecraft:chest":2,"minecraft:cooked_chicken":3,"minecraft:torch":12,"minecraft:dirt":93,"minecraft:anvil":1,"spartanweaponry:iron_longbow":17,"minecraft:glass":2,"tombstone:ankh_of_pray":13,"minecraft:villager_spawn_egg":11,"minecraft:iron_axe":226,"minecraft:chicken_spawn_egg":15,"iceandfire:ghost_chest":1,"evilcraft:flesh_humanoid":1,"minecraft:stone_bricks":57,"minecraft:tripwire_hook":6,"iceandfire:tide_deepblue_chestplate":1,"minecraft:oak_sapling":1,"minecraft:cooked_cod":2,"slashblade:slashblade_wood":60,"tombstone:gift":2,"minecraft:minecart":2,"minecraft:egg":15,"minecraft:potato":5,"minecraft:cooked_mutton":1,"minecraft:water_bucket":8,"alexscaves:tremorsaurus_egg":1,"minecraft:powered_rail":2,"minecraft:oak_planks":211,"butcher:cooked_villager_meat":1,"minecraft:composter":2,"minecraft:fletching_table":11,"minecraft:leather_boots":1,"minecraft:cracked_stone_bricks":4,"minecraft:mossy_cobblestone":1,"minecraft:rail":50,"minecraft:blast_furnace":2,"minecraft:shears":83,"minecraft:cake":1,"minecraft:redstone_torch":1,"minecraft:lever":2,"minecraft:wooden_hoe":40,"minecraft:apple":15,"minecraft:oxeye_daisy":1,"minecraft:string":23,"minecraft:cyan_bed":2,"minecraft:bread":24,"minecraft:oak_button":1,"minecraft:iron_pickaxe":211,"minecraft:lectern":7,"minecraft:spruce_sapling":23,"minecraft:cobblestone":13,"minecraft:bucket":8,"minecraft:yellow_bed":6,"minecraft:bone_meal":48,"minecraft:cobweb":5},"minecraft:dropped":{"minecraft:bread":1,"minecraft:iron_ingot":31,"minecraft:vine":3,"minecraft:wheat_seeds":2,"minecraft:poisonous_potato":1,"minecraft:feather":1,"minecraft:iron_helmet":1,"evilcraft:dark_gem":1,"tombstone:ankh_of_pray":1,"minecraft:emerald":1,"minecraft:oxeye_daisy":1,"minecraft:dirt":2,"minecraft:grass":11,"minecraft:wooden_hoe":1,"butcher:lamb_loin":1,"butcher:pork_leg":1,"minecraft:gold_nugget":2,"minecraft:iron_pickaxe":1,"minecraft:string":1,"minecraft:spruce_sapling":1,"minecraft:dandelion":3,"spartanweaponry:iron_heavy_crossbow":1,"alexsmobs:animal_dictionary":1,"minecraft:birch_sapling":1,"minecraft:fern":4,"evilcraft:flesh_humanoid":1,"minecraft:filled_map":1,"minecraft:potato":1,"iceandfire:ghost_chest":1,"minecraft:melon_seeds":1,"minecraft:chainmail_boots":1,"minecraft:diamond_boots":1,"minecraft:oak_leaves":8}},"DataVersion":3465}