{"stats":{"minecraft:dropped":{"minecraft:wheat_seeds":2,"alexsmobs:animal_dictionary":1,"evilcraft:flesh_humanoid":1,"minecraft:oxeye_daisy":1,"minecraft:potato":1,"minecraft:wooden_hoe":1,"minecraft:string":1,"minecraft:dandelion":3},"minecraft:killed":{"minecraft:creeper":1,"minecraft:zombie":2},"minecraft:crafted":{"minecraft:oak_slab":18,"minecraft:oak_planks":140,"minecraft:stone":9,"minecraft:fletching_table":1,"minecraft:bucket":1,"minecraft:air":0,"minecraft:oak_trapdoor":2,"minecraft:dispenser":1,"minecraft:glass":2,"minecraft:bow":1,"minecraft:wooden_hoe":1,"minecraft:iron_axe":1,"minecraft:stick":8,"minecraft:iron_shovel":1,"minecraft:oak_button":1,"minecraft:redstone_torch":1,"minecraft:composter":2,"minecraft:torch":8,"minecraft:stone_bricks":8,"minecraft:minecart":1},"minecraft:picked_up":{"minecraft:air":0,"minecraft:ladder":1,"minecraft:potato":5,"minecraft:oak_log":31,"minecraft:yellow_bed":3,"minecraft:dirt":195,"minecraft:string":2,"minecraft:oak_trapdoor":1,"minecraft:leather_boots":1,"minecraft:wheat_seeds":6,"minecraft:iron_ingot":11,"minecraft:cooked_chicken":2,"minecraft:fletching_table":1,"minecraft:poppy":1,"minecraft:minecart":1,"minecraft:sugar_cane":2,"minecraft:oak_planks":11,"minecraft:stick":2,"minecraft:torch":4,"minecraft:dandelion":3,"minecraft:sand":2,"tombstone:grave_dust":2,"minecraft:cyan_bed":1,"alexsmobs:animal_dictionary":1,"minecraft:mossy_cobblestone":1,"minecraft:rotten_flesh":2,"minecraft:cooked_cod":5,"minecraft:oak_sapling":3,"minecraft:rail":3,"minecraft:cobblestone":45,"minecraft:oxeye_daisy":1},"minecraft:killed_by":{"minecraft:player":2,"minecraft:skeleton":4,"minecraft:creeper":1,"minecraft:spider":1,"minecraft:zombie":2,"alexsmobs:grizzly_bear":1,"iceandfire:ghost":1},"minecraft:mined":{"minecraft:dandelion":1,"minecraft:ladder":1,"minecraft:grass_block":70,"minecraft:tall_grass":1,"minecraft:cobblestone":2,"minecraft:cyan_bed":1,"minecraft:sugar_cane":1,"minecraft:oak_planks":13,"minecraft:wall_torch":4,"minecraft:oak_trapdoor":1,"minecraft:fletching_table":1,"minecraft:yellow_bed":3,"minecraft:grass":32,"minecraft:rail":3,"minecraft:potatoes":2,"minecraft:dirt_path":4,"minecraft:vine":1,"minecraft:sand":2,"minecraft:dirt":102,"minecraft:stone":43,"minecraft:oak_leaves":1},"minecraft:custom":{"minecraft:interact_with_furnace":12,"minecraft:mob_kills":3,"minecraft:interact_with_crafting_table":16,"minecraft:leave_game":5,"minecraft:time_since_death":13099,"minecraft:sleep_in_bed":2,"minecraft:climb_one_cm":21659,"minecraft:time_since_rest":12790,"minecraft:sprint_one_cm":338259,"minecraft:damage_taken":5968,"minecraft:walk_one_cm":241648,"minecraft:trigger_trapped_chest":1,"minecraft:drop":11,"minecraft:damage_dealt":1290,"minecraft:swim_one_cm":9416,"minecraft:talked_to_villager":2,"minecraft:player_kills":1,"minecraft:fly_one_cm":515320,"minecraft:open_chest":41,"minecraft:crouch_one_cm":4063,"minecraft:play_time":101684,"minecraft:sneak_time":1818,"tombstone:undead_killed":2,"minecraft:deaths":17,"minecraft:walk_under_water_one_cm":5723,"minecraft:jump":2268,"minecraft:interact_with_blast_furnace":4,"minecraft:walk_on_water_one_cm":7244,"minecraft:total_world_time":101684,"minecraft:fall_one_cm":80108,"minecraft:inspect_dispenser":4},"minecraft:used":{"minecraft:oak_trapdoor":3,"minecraft:water_bucket":2,"minecraft:iron_shovel":117,"minecraft:dispenser":1,"minecraft:powered_rail":2,"minecraft:oak_planks":127,"butcher:cooked_villager_meat":1,"minecraft:composter":2,"minecraft:fletching_table":2,"minecraft:leather_boots":1,"minecraft:cooked_chicken":2,"minecraft:torch":9,"minecraft:mossy_cobblestone":1,"minecraft:dirt":32,"minecraft:rail":27,"minecraft:redstone_torch":1,"minecraft:glass":2,"minecraft:wooden_hoe":40,"minecraft:villager_spawn_egg":3,"minecraft:iron_axe":45,"minecraft:cyan_bed":1,"minecraft:oak_button":1,"minecraft:iron_pickaxe":48,"evilcraft:flesh_humanoid":1,"minecraft:stone_bricks":8,"minecraft:bucket":2,"tombstone:gift":2,"minecraft:yellow_bed":3,"minecraft:potato":5,"minecraft:cobweb":5}},"DataVersion":3465}