{"stats":{"minecraft:killed_by":{"minecraft:player":5,"minecraft:creeper":1,"minecraft:spider":1,"minecraft:skeleton":6,"minecraft:zombie":4,"alexsmobs:grizzly_bear":1,"iceandfire:ghost":1},"minecraft:crafted":{"evilcraft:dark_spike":16,"minecraft:wooden_sword":1,"minecraft:oak_planks":2604,"minecraft:tripwire_hook":4,"iceandfire:tide_deepblue_chestplate":1,"minecraft:stone":33,"slashblade:slashblade_wood":1,"minecraft:bone_meal":30,"minecraft:lever":1,"minecraft:cracked_stone_bricks":8,"minecraft:bookshelf":1,"minecraft:oak_trapdoor":4,"minecraft:glass":9,"minecraft:diamond_leggings":1,"minecraft:iron_boots":22,"minecraft:bow":1,"evilcraft:blood_extractor":4,"minecraft:iron_axe":6,"minecraft:chest":2,"minecraft:diamond_boots":3,"evilcraft:darkened_apple":1,"minecraft:oak_button":1,"minecraft:stone_bricks":32,"minecraft:minecart":1,"minecraft:oak_slab":18,"minecraft:emerald":216,"minecraft:arrow":16,"minecraft:spruce_planks":800,"minecraft:fletching_table":4,"minecraft:birch_planks":92,"minecraft:bucket":2,"spartanweaponry:iron_longbow":1,"minecraft:enchanted_book":1,"minecraft:air":0,"minecraft:jungle_planks":44,"minecraft:dispenser":1,"minecraft:lectern":1,"minecraft:wooden_hoe":1,"minecraft:stick":6709,"minecraft:chainmail_boots":22,"minecraft:iron_block":3,"minecraft:iron_shovel":1,"minecraft:anvil":1,"minecraft:redstone_torch":1,"minecraft:composter":2,"minecraft:torch":8,"minecraft:shears":1},"minecraft:mined":{"minecraft:oak_sapling":1,"minecraft:ladder":1,"minecraft:grass_block":84,"minecraft:oak_trapdoor":3,"minecraft:spruce_sapling":7,"minecraft:fletching_table":7,"minecraft:potatoes":2,"minecraft:dirt_path":4,"minecraft:vine":1,"minecraft:rail":36,"minecraft:white_tulip":1,"minecraft:stone":95,"minecraft:tripwire":12,"minecraft:podzol":7,"minecraft:dandelion":1,"minecraft:blast_furnace":2,"minecraft:lectern":6,"minecraft:tall_grass":1,"minecraft:cobblestone":10,"minecraft:cyan_bed":2,"minecraft:sugar_cane":1,"minecraft:oak_planks":25,"minecraft:wall_torch":5,"minecraft:yellow_bed":6,"minecraft:grass":47,"minecraft:oak_log":3,"minecraft:sand":10,"minecraft:dirt":122,"minecraft:tripwire_hook":4,"minecraft:stone_bricks":30,"minecraft:oak_leaves":5},"minecraft:picked_up":{"minecraft:chicken":3,"minecraft:ladder":1,"minecraft:oak_trapdoor":3,"minecraft:string":27,"butcher:lamb_loin":1,"minecraft:gold_nugget":3,"minecraft:white_tulip":1,"minecraft:oak_boat":1,"minecraft:poppy":1,"minecraft:iron_pickaxe":1,"minecraft:minecart":7,"minecraft:lectern":6,"minecraft:sugar_cane":2,"minecraft:birch_sapling":8,"minecraft:egg":8,"minecraft:stick":199,"tombstone:ankh_of_pray":1,"minecraft:torch":5,"tombstone:grave_dust":2,"minecraft:cooked_cod":5,"minecraft:rotten_flesh":6,"minecraft:rail":35,"minecraft:cobblestone":105,"minecraft:oxeye_daisy":2,"minecraft:birch_log":23,"minecraft:feather":2,"minecraft:air":0,"butcher:pork_leg":1,"minecraft:tripwire_hook":4,"minecraft:jungle_log":11,"minecraft:potato":6,"minecraft:oak_log":660,"minecraft:yellow_bed":6,"minecraft:dirt":239,"minecraft:leather_boots":1,"minecraft:cooked_mutton":1,"minecraft:apple":32,"minecraft:stone_bricks":31,"minecraft:wheat_seeds":10,"minecraft:cooked_chicken":7,"minecraft:iron_ingot":59,"minecraft:fletching_table":7,"minecraft:oak_planks":61,"slashblade:proudsoul_tiny":1,"minecraft:dandelion":5,"minecraft:poisonous_potato":1,"minecraft:sand":10,"minecraft:spruce_sapling":24,"minecraft:blast_furnace":2,"minecraft:spruce_log":200,"minecraft:cyan_bed":2,"alexsmobs:animal_dictionary":1,"minecraft:mossy_cobblestone":1,"minecraft:lever":1,"minecraft:iron_helmet":1,"minecraft:emerald":43,"minecraft:bread":34,"minecraft:oak_sapling":218,"minecraft:melon_seeds":1},"minecraft:custom":{"minecraft:mob_kills":6,"minecraft:interact_with_anvil":1,"minecraft:interact_with_crafting_table":58,"minecraft:eat_cake_slice":1,"minecraft:leave_game":8,"minecraft:time_since_death":96173,"minecraft:climb_one_cm":21659,"minecraft:sprint_one_cm":811542,"minecraft:walk_one_cm":682685,"minecraft:drop":26,"minecraft:talked_to_villager":113,"minecraft:play_time":326879,"minecraft:deaths":25,"minecraft:sneak_time":8760,"minecraft:walk_under_water_one_cm":7418,"minecraft:jump":4553,"minecraft:interact_with_blast_furnace":16,"minecraft:walk_on_water_one_cm":22622,"minecraft:total_world_time":326879,"minecraft:interact_with_furnace":27,"minecraft:traded_with_villager":267,"minecraft:interact_with_cartography_table":3,"minecraft:sleep_in_bed":9,"tombstone:pray_on_grave":1,"minecraft:time_since_rest":4563,"minecraft:damage_taken":8252,"minecraft:trigger_trapped_chest":1,"minecraft:damage_dealt":2577,"minecraft:swim_one_cm":15128,"minecraft:fly_one_cm":996152,"minecraft:player_kills":3,"minecraft:open_chest":220,"minecraft:crouch_one_cm":16608,"tombstone:undead_killed":4,"minecraft:fall_one_cm":126801,"minecraft:inspect_dispenser":10},"minecraft:killed":{"minecraft:spider":1,"minecraft:creeper":1,"minecraft:zombie":4},"minecraft:broken":{"minecraft:iron_axe":4,"minecraft:leather_boots":1,"slashblade:slashblade_wood":1},"minecraft:used":{"minecraft:oak_trapdoor":7,"minecraft:iron_shovel":121,"minecraft:dispenser":1,"minecraft:chest":2,"minecraft:cooked_chicken":3,"minecraft:torch":12,"minecraft:dirt":91,"minecraft:anvil":1,"spartanweaponry:iron_longbow":17,"minecraft:glass":2,"tombstone:ankh_of_pray":2,"minecraft:villager_spawn_egg":11,"minecraft:iron_axe":209,"minecraft:chicken_spawn_egg":15,"evilcraft:flesh_humanoid":1,"minecraft:stone_bricks":57,"minecraft:tripwire_hook":6,"iceandfire:tide_deepblue_chestplate":1,"minecraft:oak_sapling":1,"minecraft:cooked_cod":2,"slashblade:slashblade_wood":60,"tombstone:gift":2,"minecraft:minecart":2,"minecraft:egg":1,"minecraft:potato":5,"minecraft:cooked_mutton":1,"minecraft:water_bucket":8,"alexscaves:tremorsaurus_egg":1,"minecraft:powered_rail":2,"minecraft:oak_planks":211,"butcher:cooked_villager_meat":1,"minecraft:composter":2,"minecraft:fletching_table":11,"minecraft:leather_boots":1,"minecraft:mossy_cobblestone":1,"minecraft:rail":50,"minecraft:blast_furnace":2,"minecraft:shears":6,"minecraft:cake":1,"minecraft:redstone_torch":1,"minecraft:lever":2,"minecraft:wooden_hoe":40,"minecraft:apple":10,"minecraft:oxeye_daisy":1,"minecraft:string":23,"minecraft:cyan_bed":2,"minecraft:bread":8,"minecraft:oak_button":1,"minecraft:iron_pickaxe":178,"minecraft:lectern":7,"minecraft:spruce_sapling":23,"minecraft:cobblestone":13,"minecraft:bucket":8,"minecraft:yellow_bed":6,"minecraft:bone_meal":48,"minecraft:cobweb":5},"minecraft:dropped":{"minecraft:bread":1,"minecraft:iron_ingot":31,"minecraft:wheat_seeds":2,"minecraft:poisonous_potato":1,"minecraft:iron_helmet":1,"tombstone:ankh_of_pray":1,"minecraft:emerald":1,"minecraft:oxeye_daisy":1,"minecraft:dirt":2,"minecraft:wooden_hoe":1,"butcher:lamb_loin":1,"butcher:pork_leg":1,"minecraft:gold_nugget":2,"minecraft:string":1,"minecraft:dandelion":3,"alexsmobs:animal_dictionary":1,"minecraft:birch_sapling":1,"evilcraft:flesh_humanoid":1,"minecraft:filled_map":1,"minecraft:potato":1,"minecraft:melon_seeds":1}},"DataVersion":3465}