{"stats":{"minecraft:dropped":{"minecraft:oxeye_daisy":1,"minecraft:wheat_seeds":2,"alexsmobs:animal_dictionary":1,"minecraft:dandelion":3},"minecraft:picked_up":{"minecraft:ladder":1,"minecraft:wheat_seeds":1,"minecraft:dandelion":3,"tombstone:grave_dust":2,"minecraft:sugar_cane":2,"alexsmobs:animal_dictionary":1,"minecraft:string":2,"minecraft:oxeye_daisy":1},"minecraft:killed_by":{"minecraft:skeleton":2,"minecraft:creeper":1,"minecraft:spider":1,"iceandfire:ghost":1,"minecraft:zombie":1,"minecraft:player":1},"minecraft:mined":{"minecraft:ladder":1,"minecraft:grass":11,"minecraft:vine":1,"minecraft:tall_grass":1,"minecraft:sugar_cane":1,"minecraft:dandelion":1,"minecraft:oak_leaves":1},"minecraft:used":{"tombstone:gift":1,"evilcraft:flesh_humanoid":1},"minecraft:custom":{"minecraft:time_since_rest":8555,"minecraft:play_time":28508,"minecraft:sprint_one_cm":99489,"minecraft:damage_taken":3497,"minecraft:walk_one_cm":29128,"minecraft:deaths":8,"minecraft:sneak_time":47,"minecraft:trigger_trapped_chest":1,"minecraft:walk_under_water_one_cm":2431,"minecraft:drop":7,"minecraft:jump":686,"minecraft:damage_dealt":134,"minecraft:leave_game":2,"minecraft:time_since_death":9019,"minecraft:walk_on_water_one_cm":5176,"minecraft:total_world_time":28508,"minecraft:climb_one_cm":21659,"minecraft:swim_one_cm":6230,"minecraft:fall_one_cm":31139,"minecraft:fly_one_cm":201074}},"DataVersion":3465}