{"stats":{"minecraft:dropped":{"minecraft:oxeye_daisy":1,"minecraft:wheat_seeds":2,"alexsmobs:animal_dictionary":1,"minecraft:dandelion":3},"minecraft:crafted":{"minecraft:iron_axe":1,"minecraft:stick":4},"minecraft:picked_up":{"minecraft:stick":2,"minecraft:air":0,"minecraft:ladder":1,"minecraft:torch":1,"minecraft:dandelion":3,"minecraft:oak_log":31,"tombstone:grave_dust":2,"minecraft:yellow_bed":1,"alexsmobs:animal_dictionary":1,"minecraft:string":2,"minecraft:dirt":13,"minecraft:leather_boots":1,"minecraft:wheat_seeds":1,"minecraft:iron_ingot":11,"minecraft:cooked_chicken":2,"minecraft:poppy":1,"minecraft:oak_sapling":3,"minecraft:sugar_cane":2,"minecraft:oxeye_daisy":1},"minecraft:killed_by":{"iceandfire:ghost":1,"minecraft:player":1,"minecraft:skeleton":4,"minecraft:creeper":1,"minecraft:spider":1,"minecraft:zombie":1,"alexsmobs:grizzly_bear":1},"minecraft:mined":{"minecraft:dandelion":1,"minecraft:yellow_bed":1,"minecraft:ladder":1,"minecraft:grass":13,"minecraft:grass_block":1,"minecraft:vine":1,"minecraft:dirt_path":4,"minecraft:dirt":7,"minecraft:tall_grass":1,"minecraft:sugar_cane":1,"minecraft:oak_leaves":1,"minecraft:wall_torch":1},"minecraft:used":{"minecraft:villager_spawn_egg":1,"minecraft:iron_axe":5,"minecraft:leather_boots":1,"evilcraft:flesh_humanoid":1,"minecraft:dirt":11,"tombstone:gift":2,"minecraft:yellow_bed":1,"minecraft:cobweb":5},"minecraft:custom":{"minecraft:time_since_rest":695,"minecraft:sprint_one_cm":202072,"minecraft:damage_taken":4929,"minecraft:walk_one_cm":79167,"minecraft:trigger_trapped_chest":1,"minecraft:drop":7,"minecraft:damage_dealt":160,"minecraft:interact_with_crafting_table":1,"minecraft:swim_one_cm":6792,"minecraft:fly_one_cm":340995,"minecraft:open_chest":9,"minecraft:crouch_one_cm":712,"minecraft:play_time":56021,"minecraft:deaths":14,"minecraft:sneak_time":496,"minecraft:walk_under_water_one_cm":4734,"minecraft:jump":1335,"minecraft:leave_game":4,"minecraft:time_since_death":1244,"minecraft:walk_on_water_one_cm":5910,"minecraft:sleep_in_bed":1,"minecraft:total_world_time":56021,"minecraft:climb_one_cm":21659,"minecraft:fall_one_cm":52698}},"DataVersion":3465}