{"stats":{"minecraft:dropped":{"minecraft:wheat_seeds":2,"minecraft:poisonous_potato":1,"minecraft:iron_helmet":1,"tombstone:ankh_of_pray":1,"minecraft:oxeye_daisy":1,"minecraft:wooden_hoe":1,"butcher:pork_leg":1,"minecraft:string":1,"minecraft:dandelion":3,"alexsmobs:animal_dictionary":1,"minecraft:birch_sapling":1,"evilcraft:flesh_humanoid":1,"minecraft:filled_map":1,"minecraft:potato":1},"minecraft:broken":{"minecraft:iron_axe":3,"minecraft:leather_boots":1},"minecraft:killed":{"minecraft:spider":1,"minecraft:creeper":1,"minecraft:zombie":4},"minecraft:crafted":{"minecraft:oak_planks":1396,"minecraft:stone":33,"minecraft:bookshelf":1,"minecraft:oak_trapdoor":2,"minecraft:glass":2,"minecraft:bow":1,"minecraft:iron_axe":2,"minecraft:oak_button":1,"minecraft:stone_bricks":32,"minecraft:minecart":1,"minecraft:oak_slab":18,"minecraft:arrow":16,"minecraft:emerald":81,"minecraft:fletching_table":4,"minecraft:bucket":1,"spartanweaponry:iron_longbow":1,"minecraft:air":0,"minecraft:jungle_planks":44,"minecraft:dispenser":1,"minecraft:lectern":1,"minecraft:wooden_hoe":1,"minecraft:stick":2512,"minecraft:iron_shovel":1,"minecraft:redstone_torch":1,"minecraft:composter":2,"minecraft:torch":8},"minecraft:picked_up":{"minecraft:ladder":1,"minecraft:oak_trapdoor":1,"minecraft:string":4,"minecraft:gold_nugget":1,"minecraft:oak_boat":1,"minecraft:poppy":1,"minecraft:iron_pickaxe":1,"minecraft:lectern":1,"minecraft:minecart":6,"minecraft:sugar_cane":2,"minecraft:birch_sapling":1,"minecraft:egg":1,"minecraft:stick":90,"tombstone:ankh_of_pray":1,"minecraft:torch":4,"tombstone:grave_dust":2,"minecraft:cooked_cod":5,"minecraft:rotten_flesh":6,"minecraft:rail":6,"minecraft:cobblestone":99,"minecraft:oxeye_daisy":2,"minecraft:air":0,"butcher:pork_leg":1,"minecraft:jungle_log":11,"minecraft:potato":6,"minecraft:oak_log":386,"minecraft:yellow_bed":6,"minecraft:dirt":200,"minecraft:leather_boots":1,"minecraft:stone_bricks":28,"minecraft:apple":17,"minecraft:wheat_seeds":8,"minecraft:cooked_chicken":6,"minecraft:iron_ingot":11,"minecraft:fletching_table":6,"minecraft:oak_planks":17,"minecraft:dandelion":5,"minecraft:poisonous_potato":1,"minecraft:sand":2,"minecraft:cyan_bed":2,"alexsmobs:animal_dictionary":1,"minecraft:mossy_cobblestone":1,"minecraft:iron_helmet":1,"minecraft:bread":33,"minecraft:oak_sapling":111},"minecraft:killed_by":{"minecraft:player":4,"minecraft:creeper":1,"minecraft:spider":1,"minecraft:skeleton":6,"minecraft:zombie":4,"alexsmobs:grizzly_bear":1,"iceandfire:ghost":1},"minecraft:mined":{"minecraft:oak_sapling":1,"minecraft:ladder":1,"minecraft:grass_block":70,"minecraft:oak_trapdoor":1,"minecraft:fletching_table":6,"minecraft:potatoes":2,"minecraft:vine":1,"minecraft:dirt_path":4,"minecraft:rail":6,"minecraft:stone":93,"minecraft:dandelion":1,"minecraft:lectern":1,"minecraft:tall_grass":1,"minecraft:cobblestone":6,"minecraft:sugar_cane":1,"minecraft:cyan_bed":2,"minecraft:oak_planks":15,"minecraft:wall_torch":4,"minecraft:yellow_bed":6,"minecraft:grass":33,"minecraft:sand":2,"minecraft:dirt":106,"minecraft:stone_bricks":27,"minecraft:oak_leaves":2},"minecraft:custom":{"minecraft:mob_kills":6,"minecraft:interact_with_crafting_table":33,"minecraft:leave_game":7,"minecraft:time_since_death":25778,"minecraft:climb_one_cm":21659,"minecraft:sprint_one_cm":562970,"minecraft:walk_one_cm":468618,"minecraft:drop":17,"minecraft:talked_to_villager":48,"minecraft:play_time":225513,"minecraft:deaths":24,"minecraft:sneak_time":6080,"minecraft:walk_under_water_one_cm":6533,"minecraft:jump":3148,"minecraft:interact_with_blast_furnace":7,"minecraft:walk_on_water_one_cm":8775,"minecraft:total_world_time":225513,"minecraft:interact_with_furnace":18,"minecraft:traded_with_villager":83,"minecraft:interact_with_cartography_table":2,"minecraft:sleep_in_bed":3,"tombstone:pray_on_grave":1,"minecraft:time_since_rest":25466,"minecraft:damage_taken":7769,"minecraft:trigger_trapped_chest":1,"minecraft:damage_dealt":1826,"minecraft:swim_one_cm":9416,"minecraft:fly_one_cm":728144,"minecraft:player_kills":3,"minecraft:open_chest":109,"minecraft:crouch_one_cm":9905,"tombstone:undead_killed":4,"minecraft:fall_one_cm":93575,"minecraft:inspect_dispenser":9},"minecraft:used":{"minecraft:oak_trapdoor":3,"minecraft:iron_shovel":121,"minecraft:dispenser":1,"minecraft:cooked_chicken":2,"minecraft:torch":9,"minecraft:dirt":32,"spartanweaponry:iron_longbow":17,"minecraft:glass":2,"tombstone:ankh_of_pray":2,"minecraft:villager_spawn_egg":9,"minecraft:iron_axe":123,"minecraft:chicken_spawn_egg":15,"evilcraft:flesh_humanoid":1,"minecraft:stone_bricks":55,"minecraft:oak_sapling":1,"minecraft:cooked_cod":2,"minecraft:minecart":2,"tombstone:gift":2,"minecraft:egg":1,"minecraft:potato":5,"minecraft:water_bucket":2,"alexscaves:tremorsaurus_egg":1,"minecraft:powered_rail":2,"minecraft:oak_planks":163,"butcher:cooked_villager_meat":1,"minecraft:composter":2,"minecraft:fletching_table":10,"minecraft:leather_boots":1,"minecraft:mossy_cobblestone":1,"minecraft:rail":38,"minecraft:redstone_torch":1,"minecraft:wooden_hoe":40,"minecraft:oxeye_daisy":1,"minecraft:cyan_bed":2,"minecraft:bread":1,"minecraft:oak_button":1,"minecraft:iron_pickaxe":136,"minecraft:lectern":2,"minecraft:cobblestone":9,"minecraft:bucket":2,"minecraft:yellow_bed":6,"minecraft:cobweb":5}},"DataVersion":3465}