{"stats":{"minecraft:dropped":{"minecraft:oxeye_daisy":1,"minecraft:wheat_seeds":2,"alexsmobs:animal_dictionary":1,"minecraft:dandelion":3},"minecraft:picked_up":{"minecraft:air":0,"minecraft:ladder":1,"minecraft:torch":1,"minecraft:dandelion":3,"tombstone:grave_dust":2,"minecraft:dirt":13,"minecraft:string":2,"alexsmobs:animal_dictionary":1,"minecraft:leather_boots":1,"minecraft:wheat_seeds":1,"minecraft:iron_ingot":11,"minecraft:poppy":1,"minecraft:sugar_cane":2,"minecraft:oxeye_daisy":1},"minecraft:killed_by":{"iceandfire:ghost":1,"minecraft:player":1,"minecraft:skeleton":2,"minecraft:creeper":1,"minecraft:spider":1,"minecraft:zombie":1,"alexsmobs:grizzly_bear":1},"minecraft:mined":{"minecraft:dandelion":1,"minecraft:ladder":1,"minecraft:grass":11,"minecraft:grass_block":1,"minecraft:dirt_path":4,"minecraft:vine":1,"minecraft:dirt":7,"minecraft:tall_grass":1,"minecraft:sugar_cane":1,"minecraft:oak_leaves":1,"minecraft:wall_torch":1},"minecraft:used":{"minecraft:villager_spawn_egg":1,"minecraft:leather_boots":1,"evilcraft:flesh_humanoid":1,"minecraft:dirt":11,"tombstone:gift":1,"minecraft:cobweb":5},"minecraft:custom":{"minecraft:time_since_rest":5008,"minecraft:sprint_one_cm":175703,"minecraft:damage_taken":4465,"minecraft:walk_one_cm":67763,"minecraft:trigger_trapped_chest":1,"minecraft:drop":7,"minecraft:damage_dealt":160,"minecraft:swim_one_cm":6230,"minecraft:fly_one_cm":309793,"minecraft:open_chest":4,"minecraft:crouch_one_cm":461,"minecraft:play_time":50307,"minecraft:deaths":12,"minecraft:sneak_time":275,"minecraft:walk_under_water_one_cm":3521,"minecraft:jump":1187,"minecraft:leave_game":3,"minecraft:walk_on_water_one_cm":5572,"minecraft:time_since_death":5700,"minecraft:sleep_in_bed":1,"minecraft:climb_one_cm":21659,"minecraft:total_world_time":50307,"minecraft:fall_one_cm":49311}},"DataVersion":3465}