{"stats":{"minecraft:dropped":{"minecraft:wheat_seeds":2,"alexsmobs:animal_dictionary":1,"minecraft:oxeye_daisy":1,"minecraft:dandelion":3},"minecraft:killed":{"minecraft:creeper":1},"minecraft:crafted":{"minecraft:oak_slab":18,"minecraft:oak_planks":140,"minecraft:bucket":1,"minecraft:oak_trapdoor":2,"minecraft:iron_axe":1,"minecraft:stick":4,"minecraft:iron_shovel":1,"minecraft:redstone_torch":1,"minecraft:composter":2},"minecraft:picked_up":{"minecraft:air":0,"minecraft:ladder":1,"minecraft:oak_log":31,"minecraft:yellow_bed":3,"minecraft:oak_trapdoor":1,"minecraft:string":2,"minecraft:dirt":84,"minecraft:leather_boots":1,"minecraft:wheat_seeds":5,"minecraft:iron_ingot":11,"minecraft:cooked_chicken":2,"minecraft:poppy":1,"minecraft:sugar_cane":2,"minecraft:oak_planks":6,"minecraft:stick":2,"minecraft:torch":1,"minecraft:dandelion":3,"tombstone:grave_dust":2,"minecraft:cyan_bed":1,"alexsmobs:animal_dictionary":1,"minecraft:mossy_cobblestone":1,"minecraft:oak_sapling":3,"minecraft:cobblestone":4,"minecraft:oxeye_daisy":1},"minecraft:killed_by":{"minecraft:player":2,"minecraft:skeleton":4,"minecraft:creeper":1,"minecraft:spider":1,"minecraft:zombie":1,"alexsmobs:grizzly_bear":1,"iceandfire:ghost":1},"minecraft:mined":{"minecraft:dandelion":1,"minecraft:ladder":1,"minecraft:grass_block":26,"minecraft:tall_grass":1,"minecraft:cyan_bed":1,"minecraft:sugar_cane":1,"minecraft:oak_planks":6,"minecraft:wall_torch":1,"minecraft:oak_trapdoor":1,"minecraft:yellow_bed":3,"minecraft:grass":29,"minecraft:dirt_path":4,"minecraft:vine":1,"minecraft:dirt":28,"minecraft:stone":4,"minecraft:oak_leaves":1},"minecraft:custom":{"minecraft:mob_kills":1,"minecraft:interact_with_crafting_table":6,"minecraft:leave_game":4,"minecraft:time_since_death":1369,"minecraft:sleep_in_bed":2,"minecraft:climb_one_cm":21659,"minecraft:time_since_rest":1159,"minecraft:sprint_one_cm":272307,"minecraft:damage_taken":5515,"minecraft:walk_one_cm":136382,"minecraft:trigger_trapped_chest":1,"minecraft:drop":7,"minecraft:damage_dealt":888,"minecraft:swim_one_cm":9416,"minecraft:player_kills":1,"minecraft:fly_one_cm":429143,"minecraft:open_chest":21,"minecraft:crouch_one_cm":1802,"minecraft:play_time":74523,"minecraft:deaths":16,"minecraft:sneak_time":1059,"minecraft:walk_under_water_one_cm":5723,"minecraft:jump":1808,"minecraft:walk_on_water_one_cm":6615,"minecraft:total_world_time":74523,"minecraft:fall_one_cm":66146},"minecraft:used":{"minecraft:oak_trapdoor":3,"minecraft:water_bucket":2,"minecraft:iron_shovel":15,"minecraft:oak_planks":86,"butcher:cooked_villager_meat":1,"minecraft:composter":2,"minecraft:leather_boots":1,"minecraft:cooked_chicken":2,"minecraft:mossy_cobblestone":1,"minecraft:dirt":23,"minecraft:redstone_torch":1,"minecraft:villager_spawn_egg":1,"minecraft:iron_axe":29,"minecraft:cyan_bed":1,"minecraft:iron_pickaxe":4,"evilcraft:flesh_humanoid":1,"minecraft:bucket":2,"tombstone:gift":2,"minecraft:yellow_bed":3,"minecraft:cobweb":5}},"DataVersion":3465}