{"stats":{"minecraft:dropped":{"minecraft:wheat_seeds":2,"alexsmobs:animal_dictionary":1,"minecraft:poisonous_potato":1,"evilcraft:flesh_humanoid":1,"minecraft:oxeye_daisy":1,"minecraft:filled_map":1,"minecraft:potato":1,"minecraft:wooden_hoe":1,"butcher:pork_leg":1,"minecraft:string":1,"minecraft:dandelion":3},"minecraft:killed":{"minecraft:creeper":1,"minecraft:zombie":3},"minecraft:broken":{"minecraft:iron_axe":1},"minecraft:crafted":{"minecraft:oak_slab":18,"minecraft:oak_planks":712,"minecraft:emerald":34,"minecraft:arrow":16,"minecraft:stone":33,"minecraft:fletching_table":4,"spartanweaponry:iron_longbow":1,"minecraft:bucket":1,"minecraft:air":0,"minecraft:oak_trapdoor":2,"minecraft:dispenser":1,"minecraft:glass":2,"minecraft:bow":1,"minecraft:wooden_hoe":1,"minecraft:iron_axe":1,"minecraft:stick":1064,"minecraft:iron_shovel":1,"minecraft:oak_button":1,"minecraft:redstone_torch":1,"minecraft:composter":2,"minecraft:torch":8,"minecraft:stone_bricks":32,"minecraft:minecart":1},"minecraft:picked_up":{"minecraft:air":0,"butcher:pork_leg":1,"minecraft:ladder":1,"minecraft:potato":6,"minecraft:oak_log":153,"minecraft:yellow_bed":6,"minecraft:dirt":200,"minecraft:string":2,"minecraft:oak_trapdoor":1,"minecraft:leather_boots":1,"minecraft:apple":5,"minecraft:stone_bricks":20,"minecraft:wheat_seeds":8,"minecraft:iron_ingot":11,"minecraft:cooked_chicken":2,"minecraft:oak_boat":1,"minecraft:fletching_table":6,"minecraft:poppy":1,"minecraft:iron_pickaxe":1,"minecraft:minecart":4,"minecraft:sugar_cane":2,"minecraft:oak_planks":13,"minecraft:egg":1,"minecraft:stick":22,"minecraft:poisonous_potato":1,"minecraft:torch":4,"minecraft:dandelion":5,"minecraft:sand":2,"tombstone:grave_dust":2,"minecraft:cyan_bed":2,"alexsmobs:animal_dictionary":1,"minecraft:mossy_cobblestone":1,"minecraft:rotten_flesh":2,"minecraft:cooked_cod":5,"minecraft:oak_sapling":34,"minecraft:rail":6,"minecraft:cobblestone":92,"minecraft:oxeye_daisy":2},"minecraft:killed_by":{"minecraft:player":4,"minecraft:skeleton":4,"minecraft:creeper":1,"minecraft:spider":1,"minecraft:zombie":3,"alexsmobs:grizzly_bear":1,"iceandfire:ghost":1},"minecraft:mined":{"minecraft:oak_sapling":1,"minecraft:dandelion":1,"minecraft:ladder":1,"minecraft:grass_block":70,"minecraft:tall_grass":1,"minecraft:cobblestone":5,"minecraft:oak_planks":15,"minecraft:cyan_bed":2,"minecraft:sugar_cane":1,"minecraft:wall_torch":4,"minecraft:oak_trapdoor":1,"minecraft:fletching_table":6,"minecraft:yellow_bed":6,"minecraft:grass":33,"minecraft:potatoes":2,"minecraft:dirt_path":4,"minecraft:vine":1,"minecraft:rail":6,"minecraft:sand":2,"minecraft:dirt":106,"minecraft:stone_bricks":19,"minecraft:stone":87,"minecraft:oak_leaves":1},"minecraft:custom":{"minecraft:interact_with_furnace":16,"minecraft:mob_kills":4,"minecraft:traded_with_villager":36,"minecraft:interact_with_crafting_table":22,"minecraft:interact_with_cartography_table":1,"minecraft:leave_game":7,"minecraft:time_since_death":42728,"minecraft:sleep_in_bed":3,"minecraft:climb_one_cm":21659,"minecraft:time_since_rest":42151,"minecraft:damage_taken":6951,"minecraft:sprint_one_cm":452219,"minecraft:walk_one_cm":406068,"minecraft:trigger_trapped_chest":1,"minecraft:drop":14,"minecraft:damage_dealt":1573,"minecraft:player_kills":3,"minecraft:swim_one_cm":9416,"minecraft:talked_to_villager":32,"minecraft:fly_one_cm":649965,"minecraft:open_chest":65,"minecraft:crouch_one_cm":6926,"minecraft:play_time":189513,"minecraft:sneak_time":4514,"tombstone:undead_killed":3,"minecraft:deaths":20,"minecraft:walk_under_water_one_cm":5723,"minecraft:jump":2805,"minecraft:interact_with_blast_furnace":7,"minecraft:walk_on_water_one_cm":7336,"minecraft:total_world_time":189513,"minecraft:fall_one_cm":88709,"minecraft:inspect_dispenser":8},"minecraft:used":{"minecraft:oak_trapdoor":3,"minecraft:water_bucket":2,"alexscaves:tremorsaurus_egg":1,"minecraft:iron_shovel":121,"minecraft:dispenser":1,"minecraft:powered_rail":2,"minecraft:oak_planks":163,"butcher:cooked_villager_meat":1,"minecraft:composter":2,"minecraft:fletching_table":10,"minecraft:leather_boots":1,"minecraft:cooked_chicken":2,"minecraft:torch":9,"minecraft:mossy_cobblestone":1,"minecraft:rail":31,"minecraft:dirt":32,"spartanweaponry:iron_longbow":13,"minecraft:redstone_torch":1,"minecraft:glass":2,"minecraft:wooden_hoe":40,"minecraft:oxeye_daisy":1,"minecraft:villager_spawn_egg":9,"minecraft:iron_pickaxe":120,"minecraft:iron_axe":72,"minecraft:cyan_bed":2,"minecraft:oak_button":1,"minecraft:chicken_spawn_egg":15,"evilcraft:flesh_humanoid":1,"minecraft:stone_bricks":51,"minecraft:cobblestone":4,"minecraft:cooked_cod":2,"minecraft:oak_sapling":1,"tombstone:gift":2,"minecraft:bucket":2,"minecraft:yellow_bed":6,"minecraft:egg":1,"minecraft:potato":5,"minecraft:cobweb":5}},"DataVersion":3465}