{"stats":{"minecraft:dropped":{"minecraft:oxeye_daisy":1,"minecraft:wheat_seeds":2,"alexsmobs:animal_dictionary":1,"minecraft:dandelion":3},"minecraft:killed":{"minecraft:creeper":1},"minecraft:crafted":{"minecraft:oak_planks":140,"minecraft:iron_axe":1,"minecraft:stick":4},"minecraft:picked_up":{"minecraft:stick":2,"minecraft:air":0,"minecraft:ladder":1,"minecraft:torch":1,"minecraft:dandelion":3,"minecraft:oak_log":31,"tombstone:grave_dust":2,"minecraft:yellow_bed":1,"minecraft:dirt":57,"minecraft:string":2,"alexsmobs:animal_dictionary":1,"minecraft:leather_boots":1,"minecraft:wheat_seeds":5,"minecraft:iron_ingot":11,"minecraft:cooked_chicken":2,"minecraft:poppy":1,"minecraft:oak_sapling":3,"minecraft:oak_planks":4,"minecraft:sugar_cane":2,"minecraft:oxeye_daisy":1},"minecraft:killed_by":{"iceandfire:ghost":1,"minecraft:player":2,"minecraft:skeleton":4,"minecraft:creeper":1,"minecraft:spider":1,"minecraft:zombie":1,"alexsmobs:grizzly_bear":1},"minecraft:mined":{"minecraft:dandelion":1,"minecraft:yellow_bed":1,"minecraft:ladder":1,"minecraft:grass":27,"minecraft:grass_block":20,"minecraft:vine":1,"minecraft:dirt_path":4,"minecraft:dirt":7,"minecraft:tall_grass":1,"minecraft:oak_planks":4,"minecraft:sugar_cane":1,"minecraft:oak_leaves":1,"minecraft:wall_torch":1},"minecraft:used":{"minecraft:villager_spawn_egg":1,"minecraft:iron_axe":17,"minecraft:oak_planks":79,"minecraft:leather_boots":1,"evilcraft:flesh_humanoid":1,"minecraft:cooked_chicken":1,"minecraft:dirt":16,"tombstone:gift":2,"minecraft:yellow_bed":1,"minecraft:cobweb":5},"minecraft:custom":{"minecraft:time_since_rest":341,"minecraft:sprint_one_cm":226512,"minecraft:damage_taken":5212,"minecraft:walk_one_cm":107132,"minecraft:trigger_trapped_chest":1,"minecraft:mob_kills":1,"minecraft:drop":7,"minecraft:damage_dealt":549,"minecraft:swim_one_cm":6792,"minecraft:interact_with_crafting_table":1,"minecraft:fly_one_cm":371728,"minecraft:open_chest":12,"minecraft:crouch_one_cm":1741,"minecraft:play_time":62523,"minecraft:deaths":15,"minecraft:sneak_time":950,"minecraft:walk_under_water_one_cm":4734,"minecraft:jump":1498,"minecraft:leave_game":4,"minecraft:time_since_death":980,"minecraft:walk_on_water_one_cm":6025,"minecraft:sleep_in_bed":1,"minecraft:total_world_time":62523,"minecraft:climb_one_cm":21659,"minecraft:fall_one_cm":57024}},"DataVersion":3465}