{"stats":{"minecraft:dropped":{"minecraft:oxeye_daisy":1,"minecraft:wheat_seeds":2,"minecraft:dandelion":3},"minecraft:picked_up":{"minecraft:ladder":1,"minecraft:wheat_seeds":1,"minecraft:dandelion":3,"tombstone:grave_dust":2,"minecraft:string":2,"minecraft:oxeye_daisy":1},"minecraft:killed_by":{"minecraft:skeleton":2,"minecraft:creeper":1,"minecraft:spider":1,"iceandfire:ghost":1,"minecraft:zombie":1,"minecraft:player":1},"minecraft:mined":{"minecraft:ladder":1,"minecraft:grass":11,"minecraft:vine":1,"minecraft:tall_grass":1,"minecraft:dandelion":1},"minecraft:used":{"tombstone:gift":1,"evilcraft:flesh_humanoid":1},"minecraft:custom":{"minecraft:time_since_rest":91,"minecraft:play_time":19489,"minecraft:sprint_one_cm":57874,"minecraft:damage_taken":3497,"minecraft:walk_one_cm":21571,"minecraft:deaths":8,"minecraft:sneak_time":25,"minecraft:trigger_trapped_chest":1,"minecraft:walk_under_water_one_cm":1644,"minecraft:drop":6,"minecraft:jump":450,"minecraft:damage_dealt":134,"minecraft:leave_game":2,"minecraft:time_since_death":0,"minecraft:walk_on_water_one_cm":3804,"minecraft:total_world_time":19489,"minecraft:climb_one_cm":21659,"minecraft:swim_one_cm":1672,"minecraft:fall_one_cm":25111,"minecraft:fly_one_cm":132527}},"DataVersion":3465}