{"stats":{"minecraft:dropped":{"minecraft:oxeye_daisy":1,"minecraft:dandelion":3,"minecraft:wheat_seeds":2},"minecraft:picked_up":{"minecraft:wheat_seeds":1,"minecraft:dandelion":3,"minecraft:oxeye_daisy":1},"minecraft:killed_by":{"minecraft:player":1},"minecraft:mined":{"minecraft:grass":7,"minecraft:dandelion":1},"minecraft:custom":{"minecraft:jump":82,"minecraft:time_since_rest":3906,"minecraft:sprint_one_cm":8329,"minecraft:damage_dealt":85,"minecraft:deaths":1,"minecraft:damage_taken":214,"minecraft:play_time":5460,"minecraft:walk_on_water_one_cm":158,"minecraft:time_since_death":4113,"minecraft:walk_one_cm":4882,"minecraft:total_world_time":5460,"minecraft:drop":6,"minecraft:fall_one_cm":1045,"minecraft:fly_one_cm":18321}},"DataVersion":3465}