{"stats":{"minecraft:killed_by":{"minecraft:creeper":1,"minecraft:zombie":4,"alexsmobs:grizzly_bear":1,"minecraft:player":6,"minecraft:spider":1,"minecraft:skeleton":6,"iceandfire:ghost":1},"minecraft:crafted":{"minecraft:oak_planks":2604,"iceandfire:tide_deepblue_chestplate":1,"minecraft:stone":33,"minecraft:lever":1,"minecraft:bookshelf":1,"minecraft:cracked_stone_bricks":8,"evilcraft:vengeance_ring":1,"spartanweaponry:bolt":4,"minecraft:glass":9,"minecraft:bow":1,"minecraft:diamond_leggings":1,"minecraft:iron_boots":22,"evilcraft:blood_extractor":4,"explorerscompass:explorerscompass":1,"minecraft:chest":4,"minecraft:oak_button":1,"minecraft:stone_bricks":32,"evilcraft:undead_planks":16,"minecraft:oak_slab":18,"minecraft:emerald":298,"minecraft:arrow":16,"minecraft:crafting_table":1,"minecraft:spruce_planks":2988,"minecraft:fletching_table":4,"minecraft:birch_planks":92,"spartanweaponry:iron_longbow":1,"minecraft:dispenser":1,"minecraft:lectern":1,"minecraft:wooden_hoe":1,"minecraft:stick":9719,"minecraft:compass":1,"minecraft:iron_ingot":5,"minecraft:iron_block":3,"minecraft:stone_sword":1,"minecraft:redstone_torch":1,"minecraft:composter":2,"evilcraft:vengeance_pickaxe":1,"minecraft:shears":2,"evilcraft:dark_spike":16,"minecraft:wooden_sword":1,"minecraft:tripwire_hook":4,"minecraft:iron_nugget":9,"evilcraft:blood_chest":1,"minecraft:spruce_button":40,"slashblade:slashblade_wood":1,"minecraft:bone_meal":141,"minecraft:oak_trapdoor":4,"minecraft:iron_axe":7,"evilcraft:dark_stick":8,"evilcraft:darkened_apple":1,"minecraft:diamond_boots":3,"minecraft:minecart":1,"minecraft:diamond_sword":1,"evilcraft:dark_tank":1,"evilcraft:blood_infusion_core":2,"minecraft:bucket":2,"minecraft:enchanted_book":1,"minecraft:air":0,"minecraft:jungle_planks":44,"minecraft:chainmail_boots":22,"evilcraft:blood_infuser":1,"minecraft:iron_shovel":1,"minecraft:anvil":1,"spartanweaponry:iron_heavy_crossbow":2,"minecraft:torch":12},"minecraft:mined":{"minecraft:oak_sapling":1,"minecraft:obsidian":1,"minecraft:grass_block":98,"minecraft:fire":1,"minecraft:fletching_table":7,"minecraft:dirt_path":4,"minecraft:tripwire":12,"minecraft:torch":2,"minecraft:blast_furnace":2,"iceandfire:ghost_chest":2,"minecraft:chest":1,"minecraft:dead_bush":36,"iceandfire:fire_lily":1,"minecraft:nether_quartz_ore":4,"minecraft:cobblestone":10,"minecraft:sugar_cane":1,"minecraft:cyan_bed":2,"minecraft:oak_planks":25,"minecraft:wall_torch":5,"minecraft:wither_rose":4,"minecraft:grass":81,"minecraft:oak_log":3,"minecraft:sand":10,"minecraft:dirt":124,"minecraft:tripwire_hook":4,"minecraft:oak_leaves":28,"evilcraft:hardened_blood":7,"minecraft:dark_oak_leaves":4,"evilcraft:dark_tank":1,"minecraft:ladder":1,"minecraft:spruce_leaves":2,"minecraft:large_fern":2,"minecraft:oak_trapdoor":3,"minecraft:spruce_sapling":13,"minecraft:potatoes":2,"minecraft:vine":8,"minecraft:rail":36,"minecraft:white_tulip":1,"minecraft:stone":97,"minecraft:podzol":8,"minecraft:dandelion":1,"minecraft:lectern":6,"minecraft:tall_grass":10,"minecraft:yellow_bed":6,"evilcraft:blood_stain":1,"minecraft:cobweb":4,"minecraft:cracked_stone_bricks":1,"minecraft:stone_bricks":30},"minecraft:picked_up":{"minecraft:iron_chestplate":1,"minecraft:chainmail_boots":2,"minecraft:wither_rose":4,"iceandfire:manuscript":9,"minecraft:string":27,"minecraft:gold_nugget":3,"minecraft:dark_oak_leaves":1,"minecraft:spruce_planks":22,"minecraft:white_tulip":1,"minecraft:iron_pickaxe":2,"alexsmobs:raccoon_tail":2,"minecraft:stick":339,"iceandfire:ghost_chest":3,"minecraft:torch":7,"minecraft:porkchop":4,"iceandfire:rotten_egg":1,"tombstone:grave_dust":2,"minecraft:vine":7,"minecraft:rotten_flesh":7,"minecraft:obsidian":1,"minecraft:snowball":1,"minecraft:cobblestone":107,"evilcraft:vengeance_pickaxe":1,"minecraft:birch_log":23,"minecraft:feather":6,"minecraft:jungle_log":11,"minecraft:potato":6,"minecraft:dirt":256,"minecraft:leather_boots":1,"minecraft:bone":7,"minecraft:wheat_seeds":15,"minecraft:fletching_table":7,"minecraft:oak_planks":61,"minecraft:poisonous_potato":1,"evilcraft:dark_gem_crushed":27,"minecraft:sand":10,"minecraft:ink_sac":18,"minecraft:dead_bush":29,"minecraft:cyan_bed":2,"alexsmobs:animal_dictionary":1,"minecraft:mossy_cobblestone":1,"minecraft:diamond":6,"minecraft:lever":1,"minecraft:grass":25,"spartanweaponry:iron_heavy_crossbow":1,"minecraft:bread":34,"minecraft:spruce_button":40,"minecraft:emerald":43,"minecraft:oak_sapling":218,"minecraft:oak_leaves":16,"minecraft:ladder":1,"minecraft:chicken":11,"evilcraft:dark_power_gem":1,"iceandfire:fire_lily":1,"minecraft:oak_trapdoor":3,"butcher:lamb_loin":1,"minecraft:cracked_stone_bricks":1,"iceandfire:graveyard_soil":2,"minecraft:oak_boat":1,"minecraft:poppy":1,"minecraft:lectern":6,"evilcraft:hardened_blood_shard":24,"minecraft:minecart":7,"minecraft:sugar_cane":2,"minecraft:chest":1,"minecraft:birch_sapling":8,"minecraft:egg":23,"tombstone:ankh_of_pray":1,"minecraft:copper_ingot":1,"minecraft:cooked_cod":5,"minecraft:gold_ingot":54,"minecraft:mutton":5,"minecraft:white_wool":3,"minecraft:rail":35,"minecraft:oxeye_daisy":2,"minecraft:air":0,"butcher:pork_leg":1,"minecraft:tripwire_hook":4,"minecraft:salmon":3,"minecraft:fern":8,"minecraft:oak_log":660,"minecraft:yellow_bed":6,"minecraft:cooked_mutton":1,"minecraft:stone_bricks":31,"minecraft:apple":32,"minecraft:iron_ingot":191,"minecraft:cooked_chicken":7,"minecraft:cobweb":14,"slashblade:proudsoul_tiny":1,"evilcraft:undead_log":13,"minecraft:quartz":6,"minecraft:dandelion":5,"minecraft:spruce_sapling":152,"minecraft:blast_furnace":2,"minecraft:spruce_log":750,"evilcraft:dark_tank":1,"alexsmobs:raw_catfish":1,"minecraft:iron_helmet":1,"evilcraft:dark_gem":67,"minecraft:melon_seeds":1},"minecraft:custom":{"minecraft:animals_bred":1,"minecraft:interact_with_crafting_table":91,"minecraft:eat_cake_slice":12,"minecraft:leave_game":11,"minecraft:time_since_death":7970,"minecraft:sprint_one_cm":1193543,"minecraft:drop":64,"minecraft:talked_to_villager":139,"minecraft:play_time":536907,"minecraft:deaths":26,"minecraft:jump":7199,"minecraft:walk_on_water_one_cm":27619,"minecraft:interact_with_furnace":38,"minecraft:traded_with_villager":351,"minecraft:interact_with_cartography_table":5,"minecraft:sleep_in_bed":22,"minecraft:damage_dealt":5739,"minecraft:player_kills":3,"minecraft:crouch_one_cm":17984,"tombstone:undead_killed":7,"tombstone:villager_killed":6,"minecraft:inspect_dispenser":10,"minecraft:mob_kills":49,"minecraft:interact_with_anvil":1,"minecraft:climb_one_cm":21903,"minecraft:walk_one_cm":990775,"minecraft:sneak_time":9519,"minecraft:walk_under_water_one_cm":14665,"minecraft:interact_with_blast_furnace":25,"minecraft:total_world_time":536907,"tombstone:pray_on_grave":3,"minecraft:time_since_rest":560,"minecraft:damage_taken":9455,"minecraft:trigger_trapped_chest":2,"minecraft:swim_one_cm":31056,"minecraft:fly_one_cm":1495921,"minecraft:open_chest":407,"minecraft:fall_one_cm":203366},"minecraft:killed":{"alexsmobs:hummingbird":1,"minecraft:spider":1,"minecraft:skeleton":1,"minecraft:chicken":11,"minecraft:pig":7,"minecraft:salmon":4,"minecraft:creeper":1,"minecraft:sheep":4,"minecraft:zombie":5,"alexsmobs:raccoon":2,"minecraft:squid":4,"alexsmobs:catfish":1,"iceandfire:ghost":1,"minecraft:villager":6},"minecraft:broken":{"slashblade:slashblade_wood":1,"minecraft:iron_axe":7,"minecraft:leather_boots":1},"minecraft:used":{"minecraft:iron_shovel":121,"minecraft:dispenser":1,"evilcraft:blood_chest":1,"minecraft:chest":5,"minecraft:snowball":1,"minecraft:obsidian":1,"minecraft:glass":2,"minecraft:villager_spawn_egg":12,"iceandfire:ghost_chest":1,"minecraft:stone_bricks":57,"minecraft:oak_sapling":1,"minecraft:cooked_cod":2,"minecraft:egg":16,"minecraft:potato":5,"alexscaves:tremorsaurus_egg":1,"minecraft:powered_rail":2,"minecraft:oak_planks":211,"minecraft:composter":2,"evilcraft:undead_sapling":2,"minecraft:blast_furnace":2,"minecraft:shears":86,"minecraft:redstone_torch":1,"minecraft:lever":2,"minecraft:cyan_bed":2,"minecraft:bread":35,"minecraft:string":23,"minecraft:lectern":7,"minecraft:diamond_sword":4,"minecraft:bone_meal":159,"minecraft:cobweb":5,"minecraft:oak_trapdoor":7,"minecraft:stone_sword":26,"minecraft:flint_and_steel":1,"evilcraft:vengeance_pickaxe":7,"minecraft:spruce_planks":1,"minecraft:cooked_chicken":3,"minecraft:torch":18,"minecraft:dirt":98,"minecraft:anvil":1,"spartanweaponry:iron_longbow":17,"evilcraft:undead_log":1,"tombstone:ankh_of_pray":22,"minecraft:iron_axe":237,"minecraft:chicken_spawn_egg":15,"evilcraft:flesh_humanoid":1,"iceandfire:tide_deepblue_chestplate":1,"minecraft:tripwire_hook":6,"slashblade:slashblade_wood":60,"minecraft:minecart":2,"tombstone:gift":3,"minecraft:cooked_mutton":1,"minecraft:water_bucket":8,"evilcraft:blood_infuser":1,"butcher:cooked_villager_meat":1,"minecraft:fletching_table":11,"minecraft:leather_boots":1,"minecraft:cracked_stone_bricks":4,"minecraft:mossy_cobblestone":1,"minecraft:rail":50,"minecraft:crafting_table":1,"minecraft:cake":1,"minecraft:wooden_hoe":40,"minecraft:apple":15,"minecraft:oxeye_daisy":1,"minecraft:oak_button":1,"minecraft:iron_pickaxe":211,"spartanweaponry:iron_heavy_crossbow":4,"minecraft:spruce_sapling":51,"minecraft:cobblestone":14,"evilcraft:dark_tank":1,"minecraft:bucket":8,"minecraft:yellow_bed":6},"minecraft:dropped":{"minecraft:emerald":1,"minecraft:dirt":4,"evilcraft:vengeance_ring":1,"minecraft:grass":25,"butcher:lamb_loin":1,"butcher:pork_leg":1,"minecraft:gold_nugget":2,"minecraft:iron_pickaxe":1,"spartanweaponry:iron_heavy_crossbow":2,"alexsmobs:animal_dictionary":1,"minecraft:birch_sapling":1,"minecraft:fern":4,"evilcraft:flesh_humanoid":1,"iceandfire:ghost_chest":1,"minecraft:melon_seeds":1,"minecraft:chainmail_boots":1,"minecraft:oak_leaves":8,"minecraft:iron_ingot":31,"minecraft:bread":1,"minecraft:vine":7,"minecraft:wheat_seeds":6,"evilcraft:undead_log":2,"minecraft:poisonous_potato":1,"minecraft:iron_helmet":1,"minecraft:feather":1,"evilcraft:dark_gem":1,"minecraft:spruce_button":80,"evilcraft:vengeance_pickaxe":1,"tombstone:ankh_of_pray":1,"minecraft:stick":111,"minecraft:oxeye_daisy":1,"minecraft:wooden_hoe":1,"minecraft:string":1,"minecraft:spruce_sapling":101,"minecraft:dandelion":3,"minecraft:filled_map":1,"minecraft:potato":1,"minecraft:spruce_planks":2,"minecraft:spruce_log":3,"minecraft:diamond_boots":1}},"DataVersion":3465}