{"stats":{"minecraft:dropped":{"minecraft:iron_ingot":5,"minecraft:wheat_seeds":1,"butcher:cooked_lamb_rib":1,"butcher:cowcorpseitem":1,"butcher:lamb_sirloin":1},"minecraft:killed":{"minecraft:spider":6,"minecraft:skeleton":1,"minecraft:drowned":1,"artifacts:mimic":1,"minecraft:sheep":3,"minecraft:zombie":10,"alexsmobs:crow":1,"minecraft:villager":1,"minecraft:enderman":1,"minecraft:cow":3},"minecraft:crafted":{"butcher:bloodgrate":1,"minecraft:oak_planks":72,"minecraft:iron_nugget":18,"minecraft:chain":1,"minecraft:furnace":3,"minecraft:iron_bars":16,"minecraft:stone_pickaxe":1,"minecraft:chest":4,"minecraft:cooked_beef":4,"minecraft:crafting_table":4,"minecraft:wooden_pickaxe":1,"minecraft:campfire":2,"minecraft:air":0,"minecraft:oak_boat":1,"minecraft:iron_chestplate":1,"minecraft:stick":8,"butcher:hook":1,"minecraft:iron_ingot":30,"minecraft:stone_sword":1,"minecraft:iron_leggings":1,"butcher:butchers_knife":1,"minecraft:torch":8},"minecraft:picked_up":{"minecraft:azure_bluet":1,"butcher:raw_lamb_shoulder":2,"butcher:rawlambloin":2,"butcher:cowcorpseitem":2,"butcher:raw_sirloin_steak":1,"minecraft:cornflower":1,"butcher:lamb_loin":1,"minecraft:string":2,"minecraft:candle":1,"minecraft:beef":8,"minecraft:poppy":3,"minecraft:sugar_cane":6,"butcher:skinned_cow_corpse_item":1,"butcher:tbonesteak":1,"butcher:lambrib":2,"minecraft:stick":9,"minecraft:raw_iron":20,"butcher:bloodgrate":3,"minecraft:torch":2,"butcher:sheep_corpse_item":4,"tombstone:grave_dust":4,"butcher:lamb_shoulder":2,"butcher:sirloin_steak":1,"minecraft:arrow":2,"minecraft:rotten_flesh":14,"artifacts:villager_hat":1,"butcher:drained_sheep_corpse_item":1,"minecraft:mutton":3,"minecraft:white_wool":3,"minecraft:cobblestone":71,"butcher:villager_meat":5,"minecraft:cooked_beef":1,"butcher:cooked_villager_meat":5,"minecraft:leather":4,"butcher:villager_head":1,"minecraft:oak_log":24,"minecraft:yellow_bed":2,"butcher:rib_steak":1,"minecraft:dirt":53,"minecraft:cooked_mutton":3,"minecraft:bone":6,"butcher:cow_skin":2,"butcher:raw_ribeye_steak":1,"minecraft:wheat_seeds":6,"butcher:raw_tbone_steak":1,"butcher:chuck_steak":1,"minecraft:iron_ingot":6,"butcher:villager_corpse_item":2,"butcher:hook_block":3,"butcher:raw_chuck_steak":1,"minecraft:oak_planks":1,"butcher:cow_headf":1,"butcher:sheephead":3,"butcher:cooked_lamb_rib":2,"minecraft:dandelion":6,"butcher:raw_rump_steak":1,"minecraft:white_bed":1,"minecraft:spider_eye":2,"butcher:cowhoof":10,"butcher:raw_leg_of_lamb":3,"butcher:lamb_sirloin":2,"butcher:raw_lamb_sirloin":2,"minecraft:oak_sapling":5,"butcher:leg_of_lamb":3,"minecraft:coal":34,"minecraft:ender_pearl":1},"minecraft:killed_by":{"minecraft:player":1,"minecraft:creeper":2,"minecraft:iron_golem":1},"minecraft:mined":{"butcher:villagercorpse":1,"minecraft:white_bed":1,"minecraft:oak_sapling":1,"butcher:bloodgrate":3,"minecraft:grass_block":6,"minecraft:oxeye_daisy":1,"butcher:hanging_sheep_corpse":1,"minecraft:iron_ore":20,"minecraft:azure_bluet":1,"minecraft:stone":71,"minecraft:dandelion":2,"minecraft:cornflower":1,"minecraft:torch":2,"minecraft:poppy":1,"butcher:hanging_drained_sheep_corpse":1,"minecraft:campfire":1,"minecraft:tall_grass":4,"minecraft:sugar_cane":4,"minecraft:oak_planks":1,"butcher:drained_hanging_cow":1,"butcher:hook_block":3,"minecraft:yellow_bed":2,"minecraft:grass":19,"minecraft:oak_log":24,"minecraft:coal_ore":34,"butcher:hanging_sheep_headless":1,"minecraft:dirt":7},"minecraft:used":{"butcher:lamb_shoulder":1,"minecraft:stone_sword":106,"butcher:sirloin_steak":1,"minecraft:chest":4,"minecraft:rotten_flesh":8,"minecraft:torch":10,"minecraft:dirt":13,"butcher:sheep_corpse_item":4,"butcher:rib_steak":1,"butcher:cowcorpseitem":1,"butcher:cow_headf":1,"butcher:bloodgrate":3,"minecraft:furnace":3,"butcher:hook_block":2,"tombstone:gift":3,"minecraft:cooked_beef":5,"butcher:villager_corpse_item":2,"butcher:chuck_steak":1,"minecraft:cooked_mutton":3,"butcher:leg_of_lamb":1,"minecraft:stone_pickaxe":127,"butcher:butchers_knife":12,"minecraft:oak_planks":13,"minecraft:wooden_pickaxe":7,"minecraft:sugar_cane":6,"minecraft:crafting_table":4,"minecraft:campfire":2,"minecraft:white_bed":1,"butcher:villager_head":1,"minecraft:cornflower":1,"minecraft:cobblestone":11,"butcher:skinned_cow_corpse_item":1,"minecraft:chain":1,"butcher:tbonesteak":1,"minecraft:yellow_bed":2,"minecraft:oak_boat":1,"butcher:drained_sheep_corpse_item":1},"minecraft:custom":{"minecraft:interact_with_smithing_table":3,"minecraft:mob_kills":28,"minecraft:interact_with_crafting_table":23,"minecraft:open_barrel":3,"minecraft:interact_with_campfire":25,"minecraft:eat_cake_slice":4,"minecraft:time_since_death":8450,"minecraft:climb_one_cm":6189,"minecraft:sprint_one_cm":125344,"minecraft:walk_one_cm":118997,"minecraft:drop":5,"minecraft:play_time":53192,"minecraft:deaths":4,"minecraft:sneak_time":4443,"minecraft:walk_under_water_one_cm":1040,"minecraft:boat_one_cm":35820,"minecraft:jump":1123,"minecraft:interact_with_blast_furnace":1,"minecraft:walk_on_water_one_cm":9345,"minecraft:total_world_time":53192,"minecraft:interact_with_furnace":21,"minecraft:sleep_in_bed":4,"minecraft:time_since_rest":8239,"minecraft:damage_taken":2776,"minecraft:damage_dealt":5278,"minecraft:swim_one_cm":13233,"minecraft:fly_one_cm":210768,"minecraft:player_kills":1,"minecraft:open_chest":30,"tombstone:undead_killed":12,"minecraft:crouch_one_cm":14484,"tombstone:villager_killed":1,"minecraft:fall_one_cm":29709}},"DataVersion":3465}