{"stats":{"minecraft:dropped":{"minecraft:emerald":11,"minecraft:cooked_cod":5,"minecraft:iron_pickaxe":1,"butcher:cooked_lamb_rib":1,"minecraft:beetroot":2,"minecraft:arrow":9,"minecraft:iron_ingot":5,"butcher:chickenfoot":4,"minecraft:wheat_seeds":1,"minecraft:stick":128,"butcher:llamameat":4,"butcher:cowcorpseitem":1,"butcher:lamb_sirloin":1,"minecraft:oak_boat":1,"minecraft:oak_sapling":1,"minecraft:stone_bricks":1},"minecraft:broken":{"minecraft:stone_pickaxe":1,"minecraft:stone_sword":1},"minecraft:killed":{"minecraft:spider":10,"minecraft:skeleton":8,"artifacts:mimic":1,"alexsmobs:grizzly_bear":1,"minecraft:creeper":8,"minecraft:sheep":3,"minecraft:trader_llama":2,"minecraft:zombie":41,"alexsmobs:terrapin":1,"minecraft:cow":3,"mca:female_zombie_villager":1,"minecraft:drowned":1,"alexsmobs:crow":1,"minecraft:villager":3,"minecraft:enderman":3},"minecraft:crafted":{"minecraft:smooth_stone":4,"minecraft:oak_planks":472,"minecraft:chain":2,"minecraft:stone":7,"minecraft:iron_bars":16,"minecraft:iron_boots":1,"minecraft:bow":1,"minecraft:chest":12,"minecraft:oak_fence":45,"butcher:llamameat":4,"refurbished_furniture:light_electricity_generator":1,"minecraft:oak_slab":6,"minecraft:arrow":64,"minecraft:emerald":5,"minecraft:crafting_table":5,"minecraft:wooden_pickaxe":1,"minecraft:baked_potato":2,"minecraft:iron_helmet":1,"butcher:skinning_knife":1,"minecraft:campfire":3,"aquaculture:iron_fillet_knife":1,"minecraft:iron_chestplate":1,"minecraft:stick":284,"minecraft:iron_ingot":113,"minecraft:iron_pickaxe":1,"minecraft:stone_sword":1,"butcher:butchers_knife":1,"minecraft:beetroot_soup":2,"minecraft:shears":1,"butcher:bloodgrate":2,"minecraft:iron_nugget":27,"refurbished_furniture:oak_cutting_board":1,"minecraft:furnace":8,"minecraft:blast_furnace":1,"minecraft:bone_meal":45,"refurbished_furniture:workbench":1,"minecraft:iron_axe":1,"minecraft:iron_hoe":1,"minecraft:stone_pickaxe":1,"minecraft:redstone_block":3,"minecraft:cooked_beef":4,"minecraft:cooked_cod":6,"minecraft:iron_sword":1,"minecraft:bowl":4,"minecraft:bucket":1,"minecraft:bread":4,"minecraft:air":0,"refurbished_furniture:wrench":1,"minecraft:oak_boat":2,"butcher:hook":2,"minecraft:iron_shovel":1,"minecraft:iron_leggings":1,"minecraft:stonecutter":1,"minecraft:torch":36},"minecraft:picked_up":{"butcher:white_llama_skin":1,"minecraft:wheat":46,"minecraft:redstone_block":1,"minecraft:lead":2,"butcher:raw_pork_shoulder":1,"butcher:cowcorpseitem":2,"minecraft:string":13,"minecraft:beetroot":25,"minecraft:cobbled_deepslate":13,"minecraft:bucket":1,"butcher:white_llama":1,"butcher:chicken_drained_corpse_item":2,"minecraft:iron_pickaxe":1,"butcher:skinned_cow_corpse_item":1,"butcher:tbonesteak":1,"minecraft:stick":501,"minecraft:oak_fence":1,"minecraft:torch":4,"minecraft:porkchop":1,"butcher:pork_shoulder":1,"minecraft:villager_spawn_egg":3,"tombstone:grave_dust":10,"butcher:raw_pork_leg":1,"minecraft:rotten_flesh":37,"artifacts:villager_hat":1,"butcher:drained_sheep_corpse_item":1,"minecraft:red_tulip":1,"butcher:chicken_corpse_item":2,"butcher:raw_pork_belly":1,"butcher:chickenfoot":4,"minecraft:cobblestone":177,"minecraft:birch_log":13,"minecraft:feather":3,"minecraft:cooked_beef":1,"butcher:pig_corpse_item":1,"minecraft:andesite":7,"butcher:villager_head":3,"minecraft:potato":94,"evilcraft:flesh_humanoid":1,"butcher:pork_belly":1,"minecraft:dirt":355,"minecraft:lapis_lazuli":25,"butcher:ham":1,"minecraft:leather_boots":1,"butcher:cow_skin":2,"minecraft:bone":22,"butcher:raw_ribeye_steak":1,"minecraft:bow":1,"minecraft:wheat_seeds":191,"butcher:raw_tbone_steak":1,"minecraft:oak_planks":11,"butcher:cow_headf":1,"minecraft:cooked_porkchop":1,"butcher:cooked_lamb_rib":2,"minecraft:poisonous_potato":2,"butcher:raw_pork_ham":1,"minecraft:ink_sac":5,"minecraft:grass_block":2,"butcher:creamy_llama":1,"minecraft:bundle":1,"minecraft:emerald":22,"butcher:raw_lamb_sirloin":2,"minecraft:oak_sapling":55,"butcher:rawllamameat":5,"butcher:raw_lamb_shoulder":2,"minecraft:azure_bluet":1,"minecraft:chicken":2,"butcher:rawlambloin":2,"butcher:raw_sirloin_steak":1,"minecraft:cornflower":3,"butcher:lamb_loin":1,"minecraft:iron_shovel":1,"minecraft:candle":1,"minecraft:beef":8,"minecraft:poppy":9,"minecraft:minecart":1,"minecraft:chest":1,"minecraft:sugar_cane":6,"minecraft:egg":1,"butcher:lambrib":2,"minecraft:raw_iron":68,"minecraft:stone":1,"butcher:pighead":1,"butcher:bloodgrate":3,"butcher:sheep_corpse_item":4,"minecraft:carrot":56,"minecraft:redstone":5,"butcher:sirloin_steak":1,"butcher:lamb_shoulder":2,"minecraft:arrow":25,"minecraft:beetroot_seeds":67,"butcher:chicken_head":2,"butcher:raw_pork_loin":1,"minecraft:mutton":3,"minecraft:white_wool":3,"minecraft:rail":8,"minecraft:oxeye_daisy":10,"butcher:villager_meat":15,"butcher:pork_leg":1,"butcher:cooked_villager_meat":13,"minecraft:leather":4,"butcher:llamameat":4,"minecraft:oak_log":148,"minecraft:yellow_bed":3,"minecraft:gunpowder":9,"butcher:rib_steak":1,"minecraft:cooked_mutton":3,"minecraft:apple":2,"minecraft:stone_bricks":7,"butcher:chuck_steak":1,"minecraft:iron_ingot":6,"butcher:villager_corpse_item":5,"tombstone:bag_of_seeds":1,"butcher:hook_block":4,"butcher:raw_chuck_steak":1,"butcher:sheephead":3,"butcher:creamy_llama_head":1,"minecraft:dandelion":14,"butcher:raw_rump_steak":1,"minecraft:white_bed":1,"minecraft:spider_eye":3,"butcher:cowhoof":14,"tombstone:scroll_of_true_sight":1,"butcher:raw_leg_of_lamb":3,"butcher:lamb_sirloin":2,"butcher:creamyllamaskin":1,"tombstone:magic_scroll":1,"butcher:leg_of_lamb":3,"minecraft:coal":49,"minecraft:ender_pearl":2,"butcher:white_llama_head":1},"minecraft:killed_by":{"minecraft:creeper":2,"minecraft:zombie":3,"alexsmobs:grizzly_bear":1,"minecraft:player":2,"minecraft:iron_golem":1},"minecraft:mined":{"butcher:villagercorpse":2,"minecraft:white_bed":1,"minecraft:oak_sapling":6,"minecraft:grass_block":192,"minecraft:oxeye_daisy":1,"minecraft:iron_ore":49,"minecraft:azure_bluet":1,"minecraft:red_tulip":1,"minecraft:tripwire":1,"minecraft:deepslate_redstone_ore":1,"minecraft:torch":2,"minecraft:poppy":8,"minecraft:chest":1,"butcher:hanging_drained_sheep_corpse":1,"minecraft:cobblestone":5,"minecraft:oak_planks":9,"minecraft:sugar_cane":4,"minecraft:wheat":68,"minecraft:grass":401,"butcher:hanging_sheep_headless":1,"minecraft:oak_log":27,"minecraft:beetroots":28,"minecraft:dirt":27,"minecraft:deepslate":6,"butcher:bloodgrate":3,"butcher:hanging_chicken_skinned_corpse":2,"minecraft:glow_lichen":1,"butcher:hanging_sheep_corpse":1,"minecraft:carrots":14,"minecraft:andesite":3,"minecraft:potatoes":26,"minecraft:deepslate_iron_ore":18,"minecraft:stone":117,"minecraft:redstone_block":1,"minecraft:dandelion":8,"minecraft:oak_fence":1,"minecraft:cornflower":3,"minecraft:campfire":1,"minecraft:tall_grass":12,"minecraft:lapis_ore":4,"butcher:drained_hanging_cow":1,"butcher:hook_block":4,"minecraft:yellow_bed":2,"minecraft:coal_ore":49,"minecraft:cobweb":1},"minecraft:custom":{"minecraft:animals_bred":6,"minecraft:interact_with_crafting_table":64,"minecraft:open_barrel":3,"minecraft:eat_cake_slice":4,"minecraft:leave_game":1,"minecraft:time_since_death":38648,"minecraft:sprint_one_cm":451351,"minecraft:drop":27,"minecraft:talked_to_villager":7,"minecraft:play_time":176771,"minecraft:deaths":9,"tombstone:tomb_raiding":1,"minecraft:jump":3874,"minecraft:walk_on_water_one_cm":14026,"minecraft:interact_with_furnace":55,"minecraft:traded_with_villager":10,"minecraft:interact_with_cartography_table":2,"minecraft:sleep_in_bed":5,"minecraft:damage_dealt":17738,"minecraft:player_kills":3,"minecraft:crouch_one_cm":36102,"tombstone:undead_killed":51,"tombstone:villager_killed":3,"minecraft:inspect_dispenser":2,"minecraft:interact_with_smithing_table":3,"minecraft:mob_kills":88,"minecraft:interact_with_campfire":48,"minecraft:climb_one_cm":6189,"minecraft:walk_one_cm":592870,"minecraft:damage_dealt_absorbed":40,"minecraft:sneak_time":8967,"minecraft:walk_under_water_one_cm":3007,"minecraft:boat_one_cm":35820,"minecraft:interact_with_blast_furnace":2,"minecraft:total_world_time":176771,"tombstone:raider_killed":11,"minecraft:time_since_rest":38123,"minecraft:damage_taken":6087,"minecraft:fly_one_cm":631079,"minecraft:swim_one_cm":21942,"minecraft:open_chest":130,"minecraft:fall_one_cm":98156},"minecraft:used":{"minecraft:beetroot":2,"butcher:lamb_shoulder":2,"minecraft:iron_shovel":188,"butcher:sirloin_steak":1,"minecraft:poppy":2,"minecraft:chest":9,"minecraft:iron_sword":165,"minecraft:rotten_flesh":8,"butcher:chicken_corpse_item":2,"minecraft:carrot":52,"butcher:cow_headf":1,"minecraft:grass_block":1,"butcher:chicken_head":2,"minecraft:furnace":7,"minecraft:oak_sapling":8,"minecraft:cooked_cod":1,"minecraft:beetroot_seeds":34,"minecraft:egg":1,"minecraft:potato":97,"minecraft:stone_pickaxe":131,"minecraft:oak_planks":17,"minecraft:wooden_pickaxe":7,"minecraft:redstone_block":1,"minecraft:sugar_cane":6,"butcher:pork_belly":1,"butcher:villager_head":3,"minecraft:bread":4,"minecraft:string":1,"tombstone:grave_key":1,"minecraft:torchflower_seeds":3,"butcher:pork_leg":1,"butcher:skinned_cow_corpse_item":1,"minecraft:chain":2,"butcher:tbonesteak":1,"minecraft:oak_boat":1,"minecraft:bone_meal":27,"butcher:creamy_llama":1,"minecraft:cobweb":1,"butcher:white_llama":1,"minecraft:oak_fence":45,"minecraft:stone_sword":138,"minecraft:torch":26,"minecraft:dirt":132,"butcher:sheep_corpse_item":4,"butcher:rib_steak":1,"butcher:cowcorpseitem":1,"butcher:creamy_llama_head":1,"minecraft:iron_hoe":166,"minecraft:iron_axe":44,"butcher:ham":1,"butcher:bloodgrate":5,"butcher:llamameat":4,"butcher:lamb_loin":1,"butcher:hook_block":4,"tombstone:gift":5,"minecraft:cooked_beef":5,"minecraft:beetroot_soup":2,"butcher:chuck_steak":1,"butcher:villager_corpse_item":5,"minecraft:wheat_seeds":100,"minecraft:cooked_mutton":3,"butcher:chicken_drained_corpse_item":2,"minecraft:water_bucket":4,"butcher:leg_of_lamb":3,"butcher:butchers_knife":38,"minecraft:baked_potato":1,"butcher:cooked_villager_meat":11,"butcher:cooked_lamb_rib":1,"minecraft:crafting_table":5,"refurbished_furniture:oak_cutting_board":1,"minecraft:campfire":3,"minecraft:white_bed":1,"butcher:pig_corpse_item":1,"tombstone:bag_of_seeds":1,"minecraft:cornflower":1,"minecraft:apple":8,"minecraft:oxeye_daisy":1,"minecraft:iron_pickaxe":126,"refurbished_furniture:light_electricity_generator":1,"butcher:white_llama_head":1,"minecraft:cobblestone":29,"refurbished_furniture:workbench":1,"butcher:lamb_sirloin":1,"minecraft:cooked_porkchop":1,"minecraft:bucket":4,"minecraft:yellow_bed":2,"butcher:drained_sheep_corpse_item":1,"butcher:pork_shoulder":1}},"DataVersion":3465}