{"stats":{"minecraft:dropped":{"minecraft:wheat_seeds":1,"butcher:cooked_lamb_rib":1,"butcher:cowcorpseitem":1,"butcher:lamb_sirloin":1},"minecraft:killed":{"minecraft:spider":6,"minecraft:sheep":3,"minecraft:skeleton":1,"minecraft:zombie":10,"alexsmobs:crow":1,"minecraft:drowned":1,"minecraft:cow":3,"artifacts:mimic":1},"minecraft:crafted":{"minecraft:cooked_beef":4,"butcher:bloodgrate":1,"minecraft:oak_planks":64,"minecraft:iron_nugget":18,"minecraft:crafting_table":4,"minecraft:chain":1,"minecraft:wooden_pickaxe":1,"minecraft:furnace":3,"minecraft:campfire":2,"minecraft:air":0,"minecraft:iron_bars":16,"minecraft:oak_boat":1,"minecraft:iron_chestplate":1,"minecraft:stick":8,"butcher:hook":1,"minecraft:iron_ingot":30,"minecraft:stone_pickaxe":1,"minecraft:iron_leggings":1,"minecraft:stone_sword":1,"minecraft:chest":3,"butcher:butchers_knife":1,"minecraft:torch":8},"minecraft:picked_up":{"butcher:raw_lamb_shoulder":2,"minecraft:azure_bluet":1,"minecraft:cooked_beef":1,"butcher:rawlambloin":2,"minecraft:leather":4,"minecraft:oak_log":22,"butcher:cowcorpseitem":2,"minecraft:yellow_bed":2,"minecraft:cornflower":1,"butcher:raw_sirloin_steak":1,"butcher:rib_steak":1,"minecraft:dirt":51,"minecraft:string":2,"minecraft:cooked_mutton":1,"minecraft:bone":5,"butcher:cow_skin":2,"butcher:raw_ribeye_steak":1,"minecraft:wheat_seeds":6,"minecraft:candle":1,"butcher:raw_tbone_steak":1,"butcher:chuck_steak":1,"minecraft:iron_ingot":1,"minecraft:beef":8,"butcher:hook_block":2,"butcher:tbonesteak":1,"minecraft:poppy":1,"butcher:raw_chuck_steak":1,"butcher:skinned_cow_corpse_item":1,"minecraft:sugar_cane":6,"minecraft:oak_planks":1,"butcher:cow_headf":1,"butcher:lambrib":2,"butcher:sheephead":3,"minecraft:raw_iron":20,"minecraft:stick":9,"butcher:cooked_lamb_rib":1,"butcher:bloodgrate":1,"minecraft:torch":2,"minecraft:dandelion":5,"butcher:raw_rump_steak":1,"butcher:sheep_corpse_item":4,"butcher:lamb_sirloin":1,"tombstone:grave_dust":4,"minecraft:white_bed":1,"butcher:lamb_shoulder":1,"butcher:raw_leg_of_lamb":3,"butcher:cowhoof":10,"minecraft:spider_eye":2,"butcher:sirloin_steak":1,"minecraft:arrow":2,"minecraft:rotten_flesh":14,"artifacts:villager_hat":1,"butcher:drained_sheep_corpse_item":1,"butcher:raw_lamb_sirloin":2,"minecraft:oak_sapling":5,"butcher:leg_of_lamb":1,"minecraft:mutton":3,"minecraft:coal":29,"minecraft:white_wool":3,"minecraft:cobblestone":42},"minecraft:killed_by":{"minecraft:player":1,"minecraft:creeper":2},"minecraft:mined":{"minecraft:white_bed":1,"minecraft:oak_sapling":1,"butcher:bloodgrate":1,"minecraft:dandelion":2,"minecraft:cornflower":1,"minecraft:torch":2,"minecraft:grass_block":5,"minecraft:poppy":1,"minecraft:campfire":1,"butcher:hanging_drained_sheep_corpse":1,"minecraft:tall_grass":4,"minecraft:oak_planks":1,"minecraft:sugar_cane":4,"minecraft:oxeye_daisy":1,"butcher:hanging_sheep_corpse":1,"butcher:drained_hanging_cow":1,"minecraft:iron_ore":20,"butcher:hanging_sheep_headless":1,"butcher:hook_block":2,"minecraft:yellow_bed":2,"minecraft:azure_bluet":1,"minecraft:grass":19,"minecraft:coal_ore":29,"minecraft:oak_log":22,"minecraft:dirt":6,"minecraft:stone":42},"minecraft:used":{"butcher:chuck_steak":1,"butcher:lamb_shoulder":1,"butcher:leg_of_lamb":1,"minecraft:stone_sword":96,"butcher:sirloin_steak":1,"minecraft:stone_pickaxe":90,"butcher:butchers_knife":8,"minecraft:oak_planks":13,"minecraft:chest":3,"minecraft:wooden_pickaxe":7,"minecraft:sugar_cane":6,"minecraft:rotten_flesh":8,"minecraft:torch":10,"minecraft:dirt":12,"butcher:sheep_corpse_item":4,"butcher:rib_steak":1,"minecraft:crafting_table":4,"butcher:cowcorpseitem":1,"minecraft:white_bed":1,"minecraft:campfire":2,"minecraft:cornflower":1,"butcher:cow_headf":1,"butcher:bloodgrate":2,"minecraft:cobblestone":11,"minecraft:furnace":3,"butcher:skinned_cow_corpse_item":1,"butcher:hook_block":2,"minecraft:chain":1,"butcher:tbonesteak":1,"tombstone:gift":3,"minecraft:yellow_bed":2,"minecraft:oak_boat":1,"butcher:drained_sheep_corpse_item":1,"minecraft:cooked_beef":5},"minecraft:custom":{"minecraft:interact_with_smithing_table":3,"minecraft:interact_with_furnace":21,"minecraft:mob_kills":26,"minecraft:interact_with_crafting_table":21,"minecraft:open_barrel":3,"minecraft:interact_with_campfire":16,"minecraft:eat_cake_slice":4,"minecraft:time_since_death":23457,"minecraft:sleep_in_bed":4,"minecraft:climb_one_cm":6189,"minecraft:time_since_rest":2776,"minecraft:sprint_one_cm":104065,"minecraft:damage_taken":2297,"minecraft:walk_one_cm":86107,"minecraft:drop":4,"minecraft:damage_dealt":4605,"minecraft:fly_one_cm":158579,"minecraft:swim_one_cm":13233,"minecraft:player_kills":1,"minecraft:open_chest":15,"minecraft:crouch_one_cm":9866,"minecraft:play_time":41192,"tombstone:undead_killed":12,"minecraft:deaths":3,"minecraft:sneak_time":3423,"minecraft:walk_under_water_one_cm":1040,"minecraft:boat_one_cm":35820,"minecraft:jump":825,"minecraft:interact_with_blast_furnace":1,"minecraft:walk_on_water_one_cm":9345,"minecraft:total_world_time":41192,"minecraft:fall_one_cm":21312}},"DataVersion":3465}