{"stats":{"minecraft:dropped":{"minecraft:wheat_seeds":1},"minecraft:killed":{"minecraft:cow":1},"minecraft:crafted":{"minecraft:cooked_beef":2,"minecraft:oak_planks":20,"minecraft:crafting_table":1,"minecraft:stick":4,"minecraft:wooden_pickaxe":1,"minecraft:stone_pickaxe":1,"minecraft:stone_sword":1,"minecraft:furnace":1,"minecraft:air":0},"minecraft:picked_up":{"minecraft:stick":3,"minecraft:leather":2,"minecraft:dandelion":3,"minecraft:oak_log":5,"minecraft:dirt":1,"minecraft:wheat_seeds":1,"minecraft:beef":2,"minecraft:poppy":1,"minecraft:oak_sapling":1,"minecraft:sugar_cane":6,"minecraft:coal":15,"minecraft:cobblestone":17},"minecraft:mined":{"minecraft:dandelion":2,"minecraft:grass":3,"minecraft:grass_block":1,"minecraft:oak_log":5,"minecraft:coal_ore":15,"minecraft:poppy":1,"minecraft:stone":17,"minecraft:sugar_cane":4,"minecraft:oxeye_daisy":1},"minecraft:used":{"minecraft:stone_sword":3,"minecraft:stone_pickaxe":25,"minecraft:wooden_pickaxe":7,"minecraft:sugar_cane":6,"minecraft:dirt":1,"minecraft:crafting_table":1,"minecraft:furnace":1,"minecraft:cooked_beef":2},"minecraft:custom":{"minecraft:time_since_rest":5192,"minecraft:interact_with_furnace":5,"minecraft:sprint_one_cm":12785,"minecraft:damage_taken":125,"minecraft:walk_one_cm":6251,"minecraft:mob_kills":1,"minecraft:drop":1,"minecraft:damage_dealt":310,"minecraft:swim_one_cm":2156,"minecraft:interact_with_crafting_table":4,"minecraft:fly_one_cm":19158,"minecraft:player_kills":1,"minecraft:crouch_one_cm":3976,"minecraft:play_time":5192,"minecraft:sneak_time":1173,"minecraft:walk_under_water_one_cm":53,"minecraft:jump":118,"minecraft:walk_on_water_one_cm":399,"minecraft:time_since_death":5192,"minecraft:climb_one_cm":469,"minecraft:total_world_time":5192,"minecraft:fall_one_cm":3512}},"DataVersion":3465}