{"stats":{"minecraft:dropped":{"minecraft:wheat_seeds":1,"butcher:cowcorpseitem":1},"minecraft:killed":{"minecraft:spider":3,"minecraft:skeleton":1,"minecraft:zombie":10,"minecraft:drowned":1,"minecraft:cow":3,"artifacts:mimic":1},"minecraft:crafted":{"minecraft:cooked_beef":4,"butcher:bloodgrate":1,"minecraft:oak_planks":44,"minecraft:iron_nugget":18,"minecraft:crafting_table":3,"minecraft:chain":1,"minecraft:wooden_pickaxe":1,"minecraft:furnace":3,"minecraft:campfire":1,"minecraft:air":0,"minecraft:iron_bars":16,"minecraft:iron_chestplate":1,"minecraft:stick":8,"butcher:hook":1,"minecraft:iron_ingot":25,"minecraft:stone_pickaxe":1,"minecraft:stone_sword":1,"minecraft:chest":1,"butcher:butchers_knife":1,"minecraft:torch":8},"minecraft:picked_up":{"minecraft:azure_bluet":1,"minecraft:leather":4,"minecraft:oak_log":16,"butcher:cowcorpseitem":2,"minecraft:yellow_bed":2,"butcher:raw_sirloin_steak":1,"minecraft:dirt":46,"minecraft:string":1,"minecraft:bone":3,"butcher:cow_skin":2,"butcher:raw_ribeye_steak":1,"minecraft:wheat_seeds":6,"minecraft:candle":1,"butcher:raw_tbone_steak":1,"minecraft:iron_ingot":1,"minecraft:beef":8,"minecraft:poppy":1,"butcher:raw_chuck_steak":1,"butcher:skinned_cow_corpse_item":1,"minecraft:sugar_cane":6,"minecraft:oak_planks":1,"butcher:cow_headf":1,"minecraft:raw_iron":20,"minecraft:stick":7,"minecraft:torch":2,"minecraft:dandelion":5,"butcher:raw_rump_steak":1,"tombstone:grave_dust":4,"butcher:cowhoof":4,"minecraft:spider_eye":2,"minecraft:arrow":2,"minecraft:rotten_flesh":12,"artifacts:villager_hat":1,"minecraft:oak_sapling":5,"minecraft:coal":29,"minecraft:cobblestone":42},"minecraft:killed_by":{"minecraft:player":1,"minecraft:creeper":2},"minecraft:mined":{"minecraft:oak_sapling":1,"minecraft:dandelion":2,"minecraft:torch":2,"minecraft:grass_block":3,"minecraft:poppy":1,"minecraft:tall_grass":1,"minecraft:oak_planks":1,"minecraft:sugar_cane":4,"minecraft:oxeye_daisy":1,"butcher:drained_hanging_cow":1,"minecraft:iron_ore":20,"minecraft:yellow_bed":2,"minecraft:azure_bluet":1,"minecraft:grass":15,"minecraft:coal_ore":29,"minecraft:oak_log":16,"minecraft:dirt":1,"minecraft:stone":42},"minecraft:used":{"minecraft:stone_sword":78,"minecraft:stone_pickaxe":86,"butcher:butchers_knife":2,"minecraft:oak_planks":10,"minecraft:chest":1,"minecraft:wooden_pickaxe":7,"minecraft:sugar_cane":6,"minecraft:rotten_flesh":8,"minecraft:torch":10,"minecraft:dirt":1,"minecraft:crafting_table":3,"butcher:cowcorpseitem":1,"minecraft:campfire":1,"butcher:bloodgrate":1,"minecraft:cobblestone":11,"minecraft:furnace":3,"butcher:skinned_cow_corpse_item":1,"minecraft:chain":1,"tombstone:gift":3,"minecraft:yellow_bed":2,"minecraft:cooked_beef":4},"minecraft:custom":{"minecraft:interact_with_smithing_table":3,"minecraft:interact_with_furnace":18,"minecraft:mob_kills":19,"minecraft:interact_with_crafting_table":17,"minecraft:open_barrel":3,"minecraft:interact_with_campfire":1,"minecraft:eat_cake_slice":4,"minecraft:time_since_death":11457,"minecraft:sleep_in_bed":3,"minecraft:climb_one_cm":6189,"minecraft:time_since_rest":9163,"minecraft:sprint_one_cm":63898,"minecraft:damage_taken":2240,"minecraft:walk_one_cm":64520,"minecraft:drop":2,"minecraft:damage_dealt":3806,"minecraft:fly_one_cm":104663,"minecraft:swim_one_cm":9293,"minecraft:player_kills":1,"minecraft:open_chest":5,"minecraft:crouch_one_cm":8549,"minecraft:play_time":29192,"tombstone:undead_killed":12,"minecraft:deaths":3,"minecraft:sneak_time":3030,"minecraft:walk_under_water_one_cm":980,"minecraft:jump":576,"minecraft:interact_with_blast_furnace":1,"minecraft:walk_on_water_one_cm":4771,"minecraft:total_world_time":29192,"minecraft:fall_one_cm":15075}},"DataVersion":3465}