{"stats":{"minecraft:dropped":{"minecraft:iron_ingot":5,"butcher:chickenfoot":4,"minecraft:wheat_seeds":1,"minecraft:cooked_cod":5,"butcher:cooked_lamb_rib":1,"butcher:cowcorpseitem":1,"butcher:lamb_sirloin":1},"minecraft:broken":{"minecraft:stone_sword":1,"minecraft:stone_pickaxe":1},"minecraft:killed":{"minecraft:spider":7,"minecraft:skeleton":1,"minecraft:drowned":1,"artifacts:mimic":1,"alexsmobs:grizzly_bear":1,"minecraft:creeper":3,"minecraft:sheep":3,"minecraft:zombie":16,"alexsmobs:terrapin":1,"alexsmobs:crow":1,"minecraft:villager":1,"minecraft:enderman":1,"minecraft:cow":3},"minecraft:crafted":{"butcher:bloodgrate":2,"minecraft:smooth_stone":4,"minecraft:oak_planks":92,"minecraft:iron_nugget":27,"refurbished_furniture:oak_cutting_board":1,"minecraft:chain":2,"minecraft:furnace":8,"minecraft:blast_furnace":1,"minecraft:stone":7,"minecraft:bone_meal":12,"minecraft:iron_bars":16,"minecraft:iron_boots":1,"refurbished_furniture:workbench":1,"minecraft:iron_axe":1,"minecraft:iron_hoe":1,"minecraft:stone_pickaxe":1,"minecraft:chest":4,"minecraft:redstone_block":3,"refurbished_furniture:light_electricity_generator":1,"minecraft:cooked_cod":6,"minecraft:cooked_beef":4,"minecraft:oak_slab":6,"minecraft:crafting_table":4,"minecraft:iron_helmet":1,"minecraft:wooden_pickaxe":1,"minecraft:iron_sword":1,"minecraft:bucket":1,"minecraft:campfire":3,"minecraft:air":0,"refurbished_furniture:wrench":1,"aquaculture:iron_fillet_knife":1,"minecraft:oak_boat":1,"minecraft:iron_chestplate":1,"minecraft:stick":24,"butcher:hook":2,"minecraft:iron_ingot":76,"minecraft:iron_pickaxe":1,"minecraft:iron_shovel":1,"minecraft:stone_sword":1,"minecraft:stonecutter":1,"butcher:butchers_knife":1,"minecraft:iron_leggings":1,"minecraft:torch":36,"minecraft:shears":1},"minecraft:picked_up":{"minecraft:azure_bluet":1,"butcher:raw_lamb_shoulder":2,"minecraft:redstone_block":1,"minecraft:chicken":2,"butcher:rawlambloin":2,"butcher:cowcorpseitem":2,"butcher:raw_sirloin_steak":1,"minecraft:cornflower":1,"minecraft:string":8,"butcher:lamb_loin":1,"minecraft:iron_shovel":1,"minecraft:candle":1,"minecraft:cobbled_deepslate":13,"minecraft:beef":8,"minecraft:poppy":3,"butcher:chicken_drained_corpse_item":2,"butcher:tbonesteak":1,"butcher:skinned_cow_corpse_item":1,"minecraft:sugar_cane":6,"butcher:lambrib":2,"minecraft:stick":12,"minecraft:raw_iron":66,"butcher:bloodgrate":3,"minecraft:torch":2,"butcher:sheep_corpse_item":4,"tombstone:grave_dust":8,"minecraft:redstone":5,"butcher:lamb_shoulder":2,"butcher:sirloin_steak":1,"minecraft:arrow":2,"minecraft:rotten_flesh":17,"artifacts:villager_hat":1,"butcher:drained_sheep_corpse_item":1,"butcher:chicken_head":2,"minecraft:red_tulip":1,"butcher:chicken_corpse_item":2,"minecraft:mutton":3,"butcher:chickenfoot":4,"minecraft:white_wool":3,"minecraft:cobblestone":103,"minecraft:oxeye_daisy":6,"butcher:villager_meat":5,"minecraft:feather":2,"minecraft:cooked_beef":1,"butcher:cooked_villager_meat":5,"minecraft:andesite":7,"minecraft:leather":4,"butcher:villager_head":1,"minecraft:potato":1,"minecraft:oak_log":53,"minecraft:yellow_bed":2,"minecraft:gunpowder":1,"butcher:rib_steak":1,"minecraft:lapis_lazuli":25,"minecraft:dirt":60,"minecraft:cooked_mutton":3,"minecraft:bone":6,"butcher:cow_skin":2,"butcher:raw_ribeye_steak":1,"minecraft:apple":1,"minecraft:wheat_seeds":6,"butcher:raw_tbone_steak":1,"butcher:villager_corpse_item":2,"butcher:chuck_steak":1,"minecraft:iron_ingot":6,"butcher:hook_block":4,"butcher:raw_chuck_steak":1,"minecraft:oak_planks":1,"butcher:cow_headf":1,"butcher:sheephead":3,"butcher:cooked_lamb_rib":2,"minecraft:dandelion":7,"butcher:raw_rump_steak":1,"minecraft:white_bed":1,"butcher:cowhoof":10,"minecraft:spider_eye":3,"butcher:raw_leg_of_lamb":3,"butcher:lamb_sirloin":2,"butcher:raw_lamb_sirloin":2,"minecraft:oak_sapling":10,"butcher:leg_of_lamb":3,"minecraft:coal":49,"minecraft:ender_pearl":1},"minecraft:killed_by":{"minecraft:player":1,"minecraft:creeper":2,"minecraft:iron_golem":1,"minecraft:zombie":1,"alexsmobs:grizzly_bear":1},"minecraft:mined":{"butcher:villagercorpse":1,"minecraft:white_bed":1,"minecraft:oak_sapling":1,"butcher:bloodgrate":3,"butcher:hanging_chicken_skinned_corpse":2,"minecraft:glow_lichen":1,"minecraft:grass_block":13,"minecraft:oxeye_daisy":1,"butcher:hanging_sheep_corpse":1,"minecraft:iron_ore":49,"minecraft:andesite":3,"minecraft:azure_bluet":1,"minecraft:red_tulip":1,"minecraft:deepslate_iron_ore":18,"minecraft:stone":99,"minecraft:deepslate_redstone_ore":1,"minecraft:redstone_block":1,"minecraft:dandelion":3,"minecraft:cornflower":1,"minecraft:torch":2,"minecraft:poppy":1,"butcher:hanging_drained_sheep_corpse":1,"minecraft:campfire":1,"minecraft:tall_grass":4,"minecraft:cobblestone":4,"minecraft:lapis_ore":4,"minecraft:sugar_cane":4,"minecraft:oak_planks":1,"butcher:drained_hanging_cow":1,"butcher:hook_block":4,"minecraft:yellow_bed":2,"minecraft:grass":22,"minecraft:oak_log":27,"minecraft:coal_ore":49,"butcher:hanging_sheep_headless":1,"minecraft:dirt":7,"minecraft:cobweb":1,"minecraft:deepslate":6},"minecraft:used":{"butcher:lamb_shoulder":2,"minecraft:stone_sword":138,"butcher:sirloin_steak":1,"minecraft:chest":4,"minecraft:iron_sword":4,"minecraft:rotten_flesh":8,"butcher:chicken_corpse_item":2,"minecraft:torch":26,"minecraft:dirt":53,"butcher:rib_steak":1,"butcher:sheep_corpse_item":4,"butcher:cowcorpseitem":1,"butcher:cow_headf":1,"minecraft:iron_axe":15,"butcher:chicken_head":2,"butcher:bloodgrate":5,"butcher:lamb_loin":1,"minecraft:furnace":7,"minecraft:cooked_cod":1,"butcher:hook_block":4,"tombstone:gift":3,"minecraft:cooked_beef":5,"minecraft:cooked_mutton":3,"butcher:villager_corpse_item":2,"butcher:chuck_steak":1,"butcher:chicken_drained_corpse_item":2,"minecraft:water_bucket":2,"butcher:leg_of_lamb":3,"minecraft:stone_pickaxe":131,"butcher:butchers_knife":14,"minecraft:oak_planks":16,"butcher:cooked_villager_meat":4,"minecraft:wooden_pickaxe":7,"minecraft:redstone_block":1,"butcher:cooked_lamb_rib":1,"minecraft:sugar_cane":6,"minecraft:crafting_table":4,"refurbished_furniture:oak_cutting_board":1,"minecraft:white_bed":1,"minecraft:campfire":3,"butcher:villager_head":1,"minecraft:cornflower":1,"minecraft:apple":2,"minecraft:iron_pickaxe":107,"refurbished_furniture:light_electricity_generator":1,"tombstone:grave_key":1,"minecraft:cobblestone":20,"refurbished_furniture:workbench":1,"butcher:lamb_sirloin":1,"butcher:skinned_cow_corpse_item":1,"minecraft:bucket":2,"minecraft:chain":2,"butcher:tbonesteak":1,"minecraft:yellow_bed":2,"minecraft:oak_boat":1,"butcher:drained_sheep_corpse_item":1,"minecraft:cobweb":1},"minecraft:custom":{"minecraft:interact_with_smithing_table":3,"minecraft:mob_kills":41,"minecraft:interact_with_crafting_table":52,"minecraft:open_barrel":3,"minecraft:interact_with_campfire":27,"minecraft:eat_cake_slice":4,"minecraft:leave_game":1,"minecraft:time_since_death":10051,"minecraft:climb_one_cm":6189,"minecraft:sprint_one_cm":231522,"minecraft:walk_one_cm":204641,"minecraft:drop":14,"minecraft:damage_dealt_absorbed":40,"minecraft:play_time":98771,"minecraft:sneak_time":5490,"minecraft:deaths":6,"minecraft:walk_under_water_one_cm":3007,"minecraft:boat_one_cm":35820,"minecraft:jump":2054,"minecraft:interact_with_blast_furnace":1,"minecraft:walk_on_water_one_cm":13186,"minecraft:total_world_time":98771,"minecraft:interact_with_furnace":48,"minecraft:interact_with_cartography_table":1,"minecraft:sleep_in_bed":5,"minecraft:time_since_rest":6953,"minecraft:damage_taken":3973,"minecraft:damage_dealt":8075,"minecraft:player_kills":1,"minecraft:swim_one_cm":21942,"minecraft:fly_one_cm":372311,"minecraft:open_chest":71,"minecraft:crouch_one_cm":18870,"tombstone:undead_killed":18,"tombstone:villager_killed":1,"minecraft:fall_one_cm":54448}},"DataVersion":3465}