{"stats":{"minecraft:dropped":{"minecraft:leather":6,"minecraft:flint":1,"minecraft:emerald":11,"minecraft:mutton":2,"minecraft:cooked_cod":5,"minecraft:gold_nugget":1,"minecraft:glistering_melon_slice":5,"minecraft:iron_pickaxe":1,"minecraft:cooked_chicken":1,"butcher:cooked_lamb_rib":1,"minecraft:wheat":2,"minecraft:beetroot":2,"minecraft:rotten_flesh":4,"evilcraft:flesh_humanoid":1,"minecraft:iron_bars":1,"minecraft:arrow":9,"iceandfire:manuscript":9,"minecraft:iron_ingot":5,"butcher:chickenfoot":4,"minecraft:wheat_seeds":1,"minecraft:poisonous_potato":1,"minecraft:grass_block":1,"minecraft:stick":128,"minecraft:cobweb":3,"butcher:llamameat":4,"tombstone:grave_dust":2,"minecraft:raw_copper":2,"butcher:cowcorpseitem":1,"evilcraft:ender_tear":1,"iceandfire:silver_ingot":1,"butcher:lamb_sirloin":1,"minecraft:oak_sapling":1,"minecraft:oak_boat":1,"minecraft:stone_bricks":1,"explorerscompass:explorerscompass":1},"minecraft:broken":{"minecraft:iron_boots":1,"minecraft:iron_chestplate":1,"minecraft:iron_leggings":1,"minecraft:stone_pickaxe":1,"minecraft:iron_sword":1,"slashblade:slashblade_wood":2,"minecraft:stone_sword":1,"minecraft:iron_pickaxe":2,"minecraft:iron_helmet":1},"minecraft:killed":{"minecraft:cave_spider":7,"minecraft:zombified_piglin":1,"minecraft:spider":13,"minecraft:skeleton":18,"minecraft:chicken":17,"alexsmobs:centipede_head":1,"artifacts:mimic":1,"minecraft:pig":4,"alexsmobs:grizzly_bear":1,"minecraft:creeper":11,"minecraft:sheep":11,"minecraft:trader_llama":2,"minecraft:zombie":54,"alexsmobs:terrapin":1,"minecraft:cow":3,"mca:female_zombie_villager":1,"mca:male_zombie_villager":2,"alexsmobs:raccoon":1,"minecraft:drowned":4,"iceandfire:ghost":1,"alexsmobs:crow":1,"minecraft:villager":5,"minecraft:enderman":5},"minecraft:crafted":{"minecraft:oak_planks":628,"minecraft:smooth_stone":4,"minecraft:chain":6,"minecraft:stone":10,"sophisticatedbackpacks:crafting_upgrade":1,"minecraft:iron_bars":16,"sophisticatedbackpacks:smelting_upgrade":1,"minecraft:bow":1,"minecraft:iron_boots":2,"tombstone:grave_key":1,"minecraft:chest":16,"minecraft:oak_fence":45,"minecraft:smoker":1,"butcher:llamameat":4,"refurbished_furniture:light_electricity_generator":1,"minecraft:oak_slab":6,"sophisticatedbackpacks:backpack":1,"minecraft:arrow":64,"minecraft:emerald":22,"minecraft:cauldron":1,"minecraft:crafting_table":9,"minecraft:iron_helmet":2,"minecraft:wooden_pickaxe":2,"minecraft:baked_potato":101,"tombstone:decorative_grave_simple":1,"butcher:skinning_knife":1,"minecraft:campfire":9,"sophisticatedbackpacks:upgrade_base":2,"aquaculture:iron_fillet_knife":1,"minecraft:iron_chestplate":2,"sophisticatedbackpacks:diamond_backpack":1,"minecraft:stick":580,"minecraft:iron_ingot":173,"minecraft:iron_pickaxe":2,"minecraft:stone_sword":1,"butcher:butchers_knife":2,"minecraft:sponge":1,"minecraft:beetroot_soup":2,"minecraft:shears":3,"butcher:bloodgrate":4,"minecraft:wooden_sword":3,"minecraft:oak_door":3,"butcher:rag":3,"minecraft:iron_nugget":63,"refurbished_furniture:oak_cutting_board":1,"minecraft:furnace":9,"minecraft:blast_furnace":1,"slashblade:slashblade_wood":3,"minecraft:bone_meal":48,"refurbished_furniture:workbench":1,"minecraft:iron_axe":3,"minecraft:iron_hoe":1,"minecraft:stone_pickaxe":1,"butcher:emptyskinrack":4,"minecraft:redstone_block":3,"sophisticatedbackpacks:iron_backpack":1,"minecraft:cooked_beef":4,"minecraft:cooked_cod":6,"minecraft:iron_sword":2,"minecraft:bowl":4,"tombstone:ankh_of_pray":1,"sophisticatedbackpacks:gold_backpack":1,"minecraft:bucket":1,"minecraft:bread":13,"minecraft:air":0,"minecraft:jungle_planks":40,"refurbished_furniture:wrench":1,"minecraft:oak_boat":2,"minecraft:raw_gold":27,"butcher:hook":4,"tombstone:dark_marble":3,"minecraft:iron_shovel":2,"minecraft:iron_leggings":2,"minecraft:stonecutter":1,"minecraft:torch":40},"minecraft:picked_up":{"butcher:white_llama_skin":1,"minecraft:wheat":128,"minecraft:redstone_block":1,"minecraft:anvil":1,"minecraft:lead":2,"butcher:raw_pork_shoulder":5,"butcher:cowcorpseitem":2,"minecraft:golden_sword":1,"iceandfire:manuscript":9,"evilcraft:ender_tear":1,"minecraft:string":53,"minecraft:raw_copper":7,"minecraft:beetroot":32,"minecraft:gold_nugget":1,"minecraft:cobbled_deepslate":70,"minecraft:bucket":1,"butcher:white_llama":1,"butcher:chicken_drained_corpse_item":10,"minecraft:iron_pickaxe":1,"alexsmobs:raccoon_tail":1,"butcher:tbonesteak":1,"butcher:salt":25,"butcher:skinned_cow_corpse_item":1,"minecraft:stick":552,"explorerscompass:explorerscompass":1,"minecraft:oak_fence":1,"minecraft:torch":10,"minecraft:porkchop":8,"butcher:pork_shoulder":4,"minecraft:villager_spawn_egg":3,"minecraft:diorite":1,"tombstone:grave_dust":14,"butcher:raw_pork_leg":17,"alexsmobs:centipede_leg":2,"minecraft:rotten_flesh":59,"artifacts:villager_hat":1,"butcher:drained_sheep_corpse_item":2,"minecraft:red_tulip":1,"butcher:chicken_corpse_item":22,"butcher:raw_pork_belly":5,"butcher:chickenfoot":20,"minecraft:iron_bars":1,"minecraft:snowball":1,"minecraft:cobblestone":527,"minecraft:birch_log":13,"minecraft:feather":25,"minecraft:cooked_beef":1,"butcher:pig_corpse_item":6,"minecraft:andesite":11,"minecraft:jungle_log":10,"minecraft:brown_wool":9,"butcher:villager_head":3,"minecraft:potato":417,"minecraft:flint":1,"evilcraft:flesh_humanoid":2,"butcher:pork_belly":4,"butcher:ham":2,"minecraft:lapis_lazuli":190,"minecraft:dirt":376,"minecraft:leather_boots":1,"butcher:cow_skin":2,"minecraft:glass":1,"minecraft:bone":35,"butcher:raw_ribeye_steak":1,"minecraft:bow":2,"minecraft:wheat_seeds":429,"butcher:raw_tbone_steak":1,"minecraft:raw_gold":22,"minecraft:oak_planks":15,"butcher:cow_headf":1,"butcher:cooked_lamb_rib":6,"minecraft:cooked_porkchop":1,"minecraft:poisonous_potato":4,"butcher:raw_pork_ham":5,"minecraft:dead_bush":3,"minecraft:ink_sac":5,"minecraft:grass_block":4,"butcher:creamy_llama":1,"minecraft:bundle":2,"butcher:sulfur":8,"waystones:waystone":2,"minecraft:granite":1,"minecraft:emerald":22,"minecraft:bread":32,"butcher:raw_lamb_sirloin":5,"minecraft:oak_sapling":95,"butcher:pork_loin":4,"iceandfire:silver_nugget":6,"butcher:rawllamameat":5,"butcher:raw_lamb_shoulder":6,"minecraft:azure_bluet":1,"minecraft:chicken":35,"butcher:rawlambloin":5,"butcher:skinned_drained_sheep_corpse_item":2,"minecraft:chain":1,"butcher:raw_sirloin_steak":1,"minecraft:cornflower":5,"butcher:lamb_loin":2,"minecraft:iron_shovel":1,"minecraft:candle":1,"minecraft:beef":8,"butcher:sheep_skin":6,"minecraft:poppy":9,"minecraft:minecart":1,"minecraft:sugar_cane":6,"minecraft:chest":2,"minecraft:egg":32,"butcher:lambrib":6,"minecraft:raw_iron":131,"minecraft:stone":1,"minecraft:oak_door":1,"butcher:pighead":5,"butcher:bloodgrate":4,"butcher:sheep_corpse_item":11,"minecraft:carrot":317,"minecraft:redstone":138,"minecraft:tnt":3,"butcher:sirloin_steak":1,"butcher:lamb_shoulder":6,"iceandfire:silver_ingot":1,"minecraft:arrow":28,"minecraft:beetroot_seeds":87,"butcher:chicken_head":10,"alexscaves:spelunkery_table":1,"minecraft:glistering_melon_slice":5,"butcher:raw_pork_loin":5,"minecraft:mutton":17,"minecraft:rail":9,"minecraft:white_wool":30,"minecraft:oxeye_daisy":10,"butcher:villager_meat":15,"butcher:pork_leg":17,"butcher:cooked_villager_meat":13,"minecraft:glow_ink_sac":4,"minecraft:leather":4,"minecraft:torchflower":3,"butcher:llamameat":4,"minecraft:oak_log":272,"minecraft:yellow_bed":3,"minecraft:gunpowder":15,"butcher:rib_steak":1,"minecraft:cooked_mutton":11,"minecraft:stone_bricks":7,"minecraft:apple":6,"minecraft:iron_ingot":6,"butcher:chuck_steak":1,"butcher:villager_corpse_item":7,"minecraft:cooked_chicken":20,"minecraft:cobweb":110,"tombstone:bag_of_seeds":2,"butcher:hook_block":4,"butcher:raw_chuck_steak":1,"butcher:drained_pig_corpse_item":4,"butcher:sheephead":7,"slashblade:proudsoul_tiny":2,"butcher:creamy_llama_head":2,"evilcraft:undead_log":12,"minecraft:dandelion":15,"minecraft:torchflower_seeds":1,"minecraft:gravel":2,"butcher:raw_rump_steak":1,"minecraft:spruce_sapling":4,"minecraft:white_bed":1,"minecraft:spruce_log":15,"butcher:cowhoof":28,"minecraft:spider_eye":6,"tombstone:scroll_of_true_sight":1,"butcher:raw_leg_of_lamb":7,"butcher:lamb_sirloin":5,"evilcraft:dark_gem":10,"minecraft:iron_helmet":1,"butcher:creamyllamaskin":1,"minecraft:baked_potato":1,"tombstone:magic_scroll":1,"butcher:leg_of_lamb":7,"minecraft:coal":99,"butcher:white_llama_head":1,"minecraft:ender_pearl":2},"minecraft:killed_by":{"minecraft:creeper":2,"alexsmobs:tusklin":1,"minecraft:cave_spider":1,"iceandfire:ice_dragon":1,"minecraft:zombie":3,"alexsmobs:grizzly_bear":1,"minecraft:player":2,"minecraft:iron_golem":1},"minecraft:mined":{"butcher:villagercorpse":2,"minecraft:white_bed":1,"minecraft:oak_sapling":6,"minecraft:granite":1,"minecraft:grass_block":198,"butcher:pig_hanging_drained":4,"butcher:hanging_skinned_drained_sheep":2,"minecraft:oxeye_daisy":2,"minecraft:spawner":2,"minecraft:iron_ore":86,"minecraft:anvil":1,"minecraft:deepslate_lapis_ore":17,"minecraft:azure_bluet":1,"minecraft:red_tulip":1,"minecraft:tripwire":1,"minecraft:deepslate_redstone_ore":20,"minecraft:melon_stem":1,"minecraft:torch":3,"minecraft:poppy":8,"minecraft:chest":2,"butcher:hanging_drained_sheep_corpse":2,"minecraft:glass":1,"minecraft:cobblestone":8,"minecraft:sugar_cane":4,"minecraft:oak_planks":11,"minecraft:wall_torch":4,"minecraft:chain":1,"butcher:saltblock":12,"evilcraft:dark_ore_deepslate":1,"minecraft:wheat":181,"minecraft:torchflower_crop":1,"butcher:sulfurore":3,"minecraft:tnt":3,"minecraft:grass":403,"minecraft:oak_log":28,"butcher:hanging_sheep_headless":1,"minecraft:beetroots":35,"minecraft:dirt":45,"minecraft:oak_leaves":10,"minecraft:deepslate":63,"alexscaves:spelunkery_table":1,"butcher:chicken_head":7,"butcher:bloodgrate":4,"minecraft:oak_door":1,"butcher:hanging_chicken_skinned_corpse":10,"minecraft:glow_lichen":1,"butcher:hanging_sheep_corpse":1,"minecraft:redstone_ore":10,"minecraft:spruce_sapling":2,"minecraft:carrots":98,"minecraft:andesite":7,"evilcraft:dark_ore":1,"minecraft:potatoes":112,"minecraft:deepslate_iron_ore":44,"minecraft:stone":464,"minecraft:redstone_block":1,"minecraft:dandelion":9,"minecraft:oak_fence":1,"minecraft:cornflower":5,"butcher:chicken_corpse":7,"minecraft:campfire":1,"minecraft:copper_ore":2,"minecraft:tall_grass":12,"minecraft:deepslate_gold_ore":14,"minecraft:lapis_ore":12,"minecraft:diorite":1,"butcher:drained_hanging_cow":1,"minecraft:torchflower":3,"butcher:hook_block":4,"minecraft:yellow_bed":2,"minecraft:coal_ore":99,"minecraft:gravel":2,"minecraft:cobweb":108,"minecraft:gold_ore":8,"butcher:creamy_llama_head":1},"minecraft:custom":{"minecraft:animals_bred":52,"minecraft:interact_with_crafting_table":115,"minecraft:open_barrel":14,"goblintraders:trade_with_goblin":39,"minecraft:eat_cake_slice":4,"minecraft:leave_game":5,"minecraft:time_since_death":20307,"minecraft:sprint_one_cm":1272080,"minecraft:drop":46,"minecraft:talked_to_villager":18,"minecraft:play_time":358175,"minecraft:deaths":12,"tombstone:tomb_raiding":1,"minecraft:jump":6418,"minecraft:walk_on_water_one_cm":23272,"minecraft:interact_with_furnace":76,"minecraft:traded_with_villager":19,"minecraft:interact_with_cartography_table":2,"minecraft:interact_with_loom":1,"minecraft:sleep_in_bed":6,"minecraft:waystone_activated":3,"minecraft:damage_dealt":29898,"minecraft:player_kills":3,"minecraft:crouch_one_cm":86044,"tombstone:undead_killed":81,"tombstone:villager_killed":5,"minecraft:interact_with_smoker":10,"minecraft:inspect_dispenser":2,"minecraft:interact_with_smithing_table":3,"minecraft:interact_with_anvil":2,"minecraft:mob_kills":166,"minecraft:fill_cauldron":1,"minecraft:interact_with_campfire":144,"minecraft:climb_one_cm":6189,"minecraft:walk_one_cm":1113427,"minecraft:damage_dealt_absorbed":40,"minecraft:sneak_time":23073,"minecraft:walk_under_water_one_cm":14529,"minecraft:boat_one_cm":35820,"minecraft:interact_with_blast_furnace":7,"minecraft:total_world_time":358175,"tombstone:raider_killed":11,"tombstone:pray_on_grave":2,"minecraft:time_since_rest":19977,"minecraft:damage_taken":11484,"minecraft:trigger_trapped_chest":5,"minecraft:swim_one_cm":54719,"minecraft:fly_one_cm":1125886,"minecraft:open_chest":392,"minecraft:fall_one_cm":174057},"minecraft:used":{"minecraft:beetroot":7,"butcher:lamb_shoulder":6,"minecraft:iron_shovel":201,"butcher:sirloin_steak":1,"butcher:skinned_drained_sheep_corpse_item":2,"minecraft:poppy":2,"minecraft:chest":12,"minecraft:iron_sword":342,"minecraft:rotten_flesh":8,"butcher:chicken_corpse_item":22,"minecraft:carrot":200,"minecraft:glass":1,"butcher:pork_loin":4,"butcher:emptyskinrack":4,"tombstone:decorative_grave_simple":1,"minecraft:grass_block":2,"butcher:cow_headf":1,"minecraft:iron_helmet":1,"butcher:pighead":4,"butcher:chicken_head":8,"minecraft:golden_sword":6,"minecraft:bow":4,"minecraft:oak_sapling":8,"minecraft:furnace":7,"minecraft:cooked_cod":1,"minecraft:beetroot_seeds":34,"minecraft:egg":26,"minecraft:potato":178,"minecraft:damaged_anvil":1,"minecraft:torchflower":2,"minecraft:stone_pickaxe":131,"minecraft:oak_planks":18,"minecraft:wooden_pickaxe":9,"minecraft:redstone_block":1,"minecraft:sugar_cane":6,"butcher:pork_belly":4,"alexscaves:cave_book":1,"butcher:villager_head":3,"minecraft:shears":107,"waystones:waystone":2,"minecraft:bread":7,"minecraft:string":1,"tombstone:grave_key":2,"minecraft:torchflower_seeds":4,"butcher:pork_leg":17,"butcher:skinned_cow_corpse_item":1,"minecraft:chain":7,"butcher:tbonesteak":1,"minecraft:oak_boat":1,"butcher:creamy_llama":1,"minecraft:bone_meal":30,"minecraft:cobweb":2,"butcher:white_llama":1,"minecraft:oak_fence":45,"minecraft:stone_sword":138,"minecraft:cooked_chicken":10,"minecraft:oak_door":3,"minecraft:torch":50,"minecraft:dirt":153,"butcher:sheep_corpse_item":11,"butcher:rib_steak":1,"butcher:cowcorpseitem":1,"butcher:creamy_llama_head":2,"minecraft:iron_hoe":166,"tombstone:ankh_of_pray":11,"minecraft:iron_axe":76,"butcher:drained_pig_corpse_item":6,"butcher:ham":2,"minecraft:melon_seeds":2,"butcher:bloodgrate":8,"butcher:llamameat":4,"butcher:lamb_loin":1,"slashblade:slashblade_wood":165,"butcher:hook_block":4,"tombstone:gift":9,"minecraft:cooked_beef":5,"minecraft:cobbled_deepslate":4,"minecraft:beetroot_soup":2,"butcher:villager_corpse_item":7,"butcher:chuck_steak":1,"minecraft:wheat_seeds":194,"minecraft:cooked_mutton":6,"butcher:chicken_drained_corpse_item":10,"minecraft:water_bucket":5,"butcher:leg_of_lamb":4,"minecraft:bundle":1,"butcher:butchers_knife":76,"minecraft:baked_potato":44,"butcher:cooked_villager_meat":12,"butcher:cooked_lamb_rib":3,"minecraft:cauldron":1,"minecraft:crafting_table":7,"refurbished_furniture:oak_cutting_board":1,"minecraft:white_bed":1,"minecraft:campfire":9,"minecraft:smoker":1,"butcher:pig_corpse_item":6,"minecraft:cake":1,"butcher:skinning_knife":4,"tombstone:bag_of_seeds":1,"minecraft:cornflower":1,"minecraft:apple":10,"minecraft:oxeye_daisy":1,"minecraft:iron_pickaxe":748,"refurbished_furniture:light_electricity_generator":1,"butcher:white_llama_head":1,"minecraft:cobblestone":41,"refurbished_furniture:workbench":1,"butcher:lamb_sirloin":3,"minecraft:cooked_porkchop":1,"minecraft:bucket":5,"minecraft:yellow_bed":2,"butcher:drained_sheep_corpse_item":2,"butcher:pork_shoulder":4}},"DataVersion":3465}