{"stats":{"minecraft:dropped":{"minecraft:iron_ingot":5,"minecraft:wheat_seeds":1,"butcher:cooked_lamb_rib":1,"butcher:cowcorpseitem":1,"butcher:lamb_sirloin":1},"minecraft:broken":{"minecraft:stone_pickaxe":1},"minecraft:killed":{"minecraft:spider":6,"minecraft:skeleton":1,"minecraft:drowned":1,"artifacts:mimic":1,"minecraft:creeper":3,"minecraft:sheep":3,"minecraft:zombie":13,"alexsmobs:crow":1,"minecraft:villager":1,"minecraft:enderman":1,"minecraft:cow":3},"minecraft:crafted":{"butcher:bloodgrate":1,"minecraft:oak_planks":84,"minecraft:iron_nugget":18,"minecraft:chain":2,"minecraft:furnace":3,"minecraft:iron_bars":16,"minecraft:stone_pickaxe":1,"minecraft:chest":4,"minecraft:cooked_beef":4,"minecraft:crafting_table":4,"minecraft:wooden_pickaxe":1,"minecraft:campfire":2,"minecraft:air":0,"minecraft:oak_boat":1,"minecraft:iron_chestplate":1,"minecraft:stick":16,"minecraft:iron_pickaxe":1,"butcher:hook":2,"minecraft:iron_ingot":30,"minecraft:stone_sword":1,"minecraft:iron_leggings":1,"butcher:butchers_knife":1,"minecraft:torch":36},"minecraft:picked_up":{"minecraft:azure_bluet":1,"butcher:raw_lamb_shoulder":2,"butcher:rawlambloin":2,"butcher:cowcorpseitem":2,"butcher:raw_sirloin_steak":1,"minecraft:cornflower":1,"butcher:lamb_loin":1,"minecraft:string":4,"minecraft:cobbled_deepslate":12,"minecraft:candle":1,"minecraft:beef":8,"butcher:chicken_drained_corpse_item":2,"minecraft:poppy":3,"minecraft:sugar_cane":6,"butcher:skinned_cow_corpse_item":1,"butcher:tbonesteak":1,"butcher:lambrib":2,"minecraft:stick":10,"minecraft:raw_iron":53,"butcher:bloodgrate":3,"minecraft:torch":2,"butcher:sheep_corpse_item":4,"tombstone:grave_dust":6,"butcher:lamb_shoulder":2,"butcher:sirloin_steak":1,"minecraft:arrow":2,"minecraft:rotten_flesh":16,"artifacts:villager_hat":1,"butcher:drained_sheep_corpse_item":1,"minecraft:red_tulip":1,"butcher:chicken_corpse_item":2,"minecraft:mutton":3,"minecraft:white_wool":3,"minecraft:cobblestone":77,"minecraft:oxeye_daisy":6,"butcher:villager_meat":5,"minecraft:cooked_beef":1,"butcher:cooked_villager_meat":5,"minecraft:andesite":7,"minecraft:leather":4,"butcher:villager_head":1,"minecraft:oak_log":27,"minecraft:gunpowder":1,"minecraft:yellow_bed":2,"minecraft:lapis_lazuli":25,"butcher:rib_steak":1,"minecraft:dirt":55,"minecraft:cooked_mutton":3,"minecraft:bone":6,"butcher:cow_skin":2,"butcher:raw_ribeye_steak":1,"minecraft:wheat_seeds":6,"butcher:raw_tbone_steak":1,"butcher:chuck_steak":1,"minecraft:iron_ingot":6,"butcher:villager_corpse_item":2,"butcher:hook_block":3,"butcher:raw_chuck_steak":1,"minecraft:oak_planks":1,"butcher:cow_headf":1,"butcher:sheephead":3,"butcher:cooked_lamb_rib":2,"minecraft:dandelion":6,"butcher:raw_rump_steak":1,"minecraft:white_bed":1,"minecraft:spider_eye":2,"butcher:cowhoof":10,"butcher:raw_leg_of_lamb":3,"butcher:lamb_sirloin":2,"butcher:raw_lamb_sirloin":2,"minecraft:oak_sapling":5,"butcher:leg_of_lamb":3,"minecraft:coal":34,"minecraft:ender_pearl":1},"minecraft:killed_by":{"minecraft:player":1,"minecraft:creeper":2,"minecraft:iron_golem":1},"minecraft:mined":{"butcher:villagercorpse":1,"minecraft:white_bed":1,"minecraft:oak_sapling":1,"butcher:bloodgrate":3,"butcher:hanging_chicken_skinned_corpse":2,"minecraft:grass_block":8,"minecraft:oxeye_daisy":1,"butcher:hanging_sheep_corpse":1,"minecraft:iron_ore":42,"minecraft:andesite":3,"minecraft:azure_bluet":1,"minecraft:red_tulip":1,"minecraft:deepslate_iron_ore":12,"minecraft:stone":73,"minecraft:dandelion":2,"minecraft:cornflower":1,"minecraft:torch":2,"minecraft:poppy":1,"butcher:hanging_drained_sheep_corpse":1,"minecraft:campfire":1,"minecraft:tall_grass":4,"minecraft:cobblestone":4,"minecraft:lapis_ore":4,"minecraft:sugar_cane":4,"minecraft:oak_planks":1,"butcher:drained_hanging_cow":1,"butcher:hook_block":3,"minecraft:yellow_bed":2,"minecraft:grass":20,"minecraft:oak_log":27,"minecraft:coal_ore":34,"butcher:hanging_sheep_headless":1,"minecraft:dirt":7,"minecraft:deepslate":5},"minecraft:used":{"butcher:lamb_shoulder":1,"minecraft:stone_sword":137,"butcher:sirloin_steak":1,"minecraft:chest":4,"minecraft:rotten_flesh":8,"butcher:chicken_corpse_item":2,"minecraft:torch":23,"minecraft:dirt":21,"butcher:sheep_corpse_item":4,"butcher:rib_steak":1,"butcher:cowcorpseitem":1,"butcher:cow_headf":1,"butcher:bloodgrate":4,"butcher:lamb_loin":1,"minecraft:furnace":3,"butcher:hook_block":3,"tombstone:gift":3,"minecraft:cooked_beef":5,"butcher:villager_corpse_item":2,"butcher:chuck_steak":1,"minecraft:cooked_mutton":3,"butcher:chicken_drained_corpse_item":2,"butcher:leg_of_lamb":2,"minecraft:stone_pickaxe":131,"butcher:butchers_knife":14,"minecraft:oak_planks":13,"butcher:cooked_villager_meat":3,"minecraft:wooden_pickaxe":7,"butcher:cooked_lamb_rib":1,"minecraft:sugar_cane":6,"minecraft:crafting_table":4,"minecraft:campfire":2,"minecraft:white_bed":1,"butcher:villager_head":1,"minecraft:cornflower":1,"minecraft:iron_pickaxe":48,"minecraft:cobblestone":20,"butcher:lamb_sirloin":1,"butcher:skinned_cow_corpse_item":1,"minecraft:chain":2,"butcher:tbonesteak":1,"minecraft:yellow_bed":2,"minecraft:oak_boat":1,"butcher:drained_sheep_corpse_item":1},"minecraft:custom":{"minecraft:interact_with_smithing_table":3,"minecraft:mob_kills":35,"minecraft:interact_with_crafting_table":27,"minecraft:open_barrel":3,"minecraft:interact_with_campfire":25,"minecraft:eat_cake_slice":4,"minecraft:time_since_death":20450,"minecraft:climb_one_cm":6189,"minecraft:sprint_one_cm":163759,"minecraft:walk_one_cm":155129,"minecraft:drop":5,"minecraft:damage_dealt_absorbed":40,"minecraft:play_time":65192,"minecraft:deaths":4,"minecraft:sneak_time":4524,"minecraft:walk_under_water_one_cm":1937,"minecraft:boat_one_cm":35820,"minecraft:jump":1476,"minecraft:interact_with_blast_furnace":1,"minecraft:walk_on_water_one_cm":10621,"minecraft:total_world_time":65192,"minecraft:interact_with_furnace":21,"minecraft:sleep_in_bed":4,"minecraft:time_since_rest":20239,"minecraft:damage_taken":3113,"minecraft:damage_dealt":6884,"minecraft:swim_one_cm":13233,"minecraft:fly_one_cm":274831,"minecraft:player_kills":1,"minecraft:open_chest":39,"tombstone:undead_killed":15,"minecraft:crouch_one_cm":14803,"tombstone:villager_killed":1,"minecraft:fall_one_cm":42946}},"DataVersion":3465}