{"stats":{"minecraft:dropped":{"minecraft:wheat_seeds":1},"minecraft:killed":{"minecraft:zombie":4,"minecraft:spider":1,"artifacts:mimic":1,"minecraft:cow":3},"minecraft:crafted":{"minecraft:cooked_beef":4,"minecraft:oak_planks":20,"minecraft:crafting_table":2,"minecraft:stick":4,"minecraft:wooden_pickaxe":1,"minecraft:stone_pickaxe":1,"minecraft:stone_sword":1,"minecraft:furnace":2,"minecraft:torch":8,"minecraft:air":0},"minecraft:picked_up":{"minecraft:stick":3,"minecraft:raw_iron":20,"minecraft:azure_bluet":1,"minecraft:leather":4,"minecraft:torch":2,"minecraft:dandelion":5,"minecraft:oak_log":5,"minecraft:spider_eye":1,"tombstone:grave_dust":1,"minecraft:string":1,"minecraft:yellow_bed":2,"minecraft:dirt":21,"minecraft:rotten_flesh":4,"artifacts:villager_hat":1,"minecraft:candle":1,"minecraft:wheat_seeds":6,"minecraft:beef":7,"minecraft:poppy":1,"minecraft:oak_sapling":1,"minecraft:sugar_cane":6,"minecraft:coal":29,"minecraft:cobblestone":38},"minecraft:killed_by":{"minecraft:player":1,"minecraft:creeper":1},"minecraft:mined":{"minecraft:iron_ore":20,"minecraft:dandelion":2,"minecraft:torch":2,"minecraft:yellow_bed":2,"minecraft:azure_bluet":1,"minecraft:grass":15,"minecraft:grass_block":2,"minecraft:oak_log":5,"minecraft:coal_ore":29,"minecraft:poppy":1,"minecraft:dirt":1,"minecraft:tall_grass":1,"minecraft:stone":38,"minecraft:sugar_cane":4,"minecraft:oxeye_daisy":1},"minecraft:used":{"minecraft:stone_sword":44,"minecraft:stone_pickaxe":82,"minecraft:rotten_flesh":4,"minecraft:wooden_pickaxe":7,"minecraft:sugar_cane":6,"minecraft:torch":10,"minecraft:dirt":1,"minecraft:cobblestone":11,"minecraft:crafting_table":2,"minecraft:furnace":2,"minecraft:cooked_beef":4},"minecraft:custom":{"minecraft:time_since_rest":9,"minecraft:interact_with_smithing_table":3,"minecraft:interact_with_furnace":8,"minecraft:sprint_one_cm":44837,"minecraft:damage_taken":1395,"minecraft:walk_one_cm":40341,"minecraft:mob_kills":9,"minecraft:drop":1,"minecraft:damage_dealt":2149,"minecraft:swim_one_cm":2580,"minecraft:interact_with_crafting_table":5,"minecraft:fly_one_cm":71347,"minecraft:player_kills":1,"minecraft:open_barrel":3,"minecraft:open_chest":2,"tombstone:undead_killed":4,"minecraft:deaths":2,"minecraft:crouch_one_cm":7122,"minecraft:play_time":17192,"minecraft:sneak_time":2166,"minecraft:walk_under_water_one_cm":89,"minecraft:jump":393,"minecraft:eat_cake_slice":4,"minecraft:interact_with_blast_furnace":1,"minecraft:sleep_in_bed":1,"minecraft:walk_on_water_one_cm":3004,"minecraft:time_since_death":391,"minecraft:climb_one_cm":6189,"minecraft:total_world_time":17192,"minecraft:fall_one_cm":12567}},"DataVersion":3465}