{"stats":{"minecraft:dropped":{"minecraft:leather":6,"minecraft:flint":1,"minecraft:emerald":11,"minecraft:mutton":2,"minecraft:cooked_cod":5,"minecraft:gold_nugget":1,"minecraft:glistering_melon_slice":5,"minecraft:iron_pickaxe":1,"minecraft:cooked_chicken":1,"minecraft:wheat":2,"butcher:cooked_lamb_rib":1,"minecraft:beetroot":2,"minecraft:rotten_flesh":4,"evilcraft:flesh_humanoid":1,"minecraft:iron_bars":1,"minecraft:arrow":9,"iceandfire:manuscript":9,"minecraft:iron_ingot":5,"butcher:chickenfoot":4,"minecraft:wheat_seeds":1,"minecraft:poisonous_potato":1,"minecraft:grass_block":1,"minecraft:stick":128,"minecraft:cobweb":3,"butcher:llamameat":4,"tombstone:grave_dust":2,"minecraft:raw_copper":2,"butcher:cowcorpseitem":1,"evilcraft:ender_tear":1,"iceandfire:silver_ingot":1,"minecraft:oak_sapling":1,"butcher:lamb_sirloin":1,"minecraft:oak_boat":1,"minecraft:stone_bricks":1},"minecraft:broken":{"minecraft:stone_pickaxe":1,"slashblade:slashblade_wood":2,"minecraft:stone_sword":1,"minecraft:iron_helmet":1},"minecraft:killed":{"minecraft:zombified_piglin":1,"minecraft:spider":12,"minecraft:skeleton":9,"minecraft:chicken":17,"artifacts:mimic":1,"minecraft:pig":4,"alexsmobs:grizzly_bear":1,"minecraft:creeper":9,"minecraft:sheep":10,"minecraft:trader_llama":2,"minecraft:zombie":44,"alexsmobs:terrapin":1,"minecraft:cow":3,"mca:female_zombie_villager":1,"mca:male_zombie_villager":1,"alexsmobs:raccoon":1,"minecraft:drowned":4,"alexsmobs:crow":1,"minecraft:villager":5,"minecraft:enderman":4},"minecraft:crafted":{"minecraft:oak_planks":576,"minecraft:smooth_stone":4,"minecraft:chain":6,"minecraft:stone":10,"minecraft:iron_bars":16,"minecraft:iron_boots":1,"minecraft:bow":1,"minecraft:chest":13,"minecraft:oak_fence":45,"butcher:llamameat":4,"refurbished_furniture:light_electricity_generator":1,"minecraft:oak_slab":6,"sophisticatedbackpacks:backpack":1,"minecraft:emerald":14,"minecraft:arrow":64,"minecraft:cauldron":1,"minecraft:crafting_table":6,"minecraft:iron_helmet":2,"minecraft:wooden_pickaxe":1,"minecraft:baked_potato":2,"tombstone:decorative_grave_simple":1,"butcher:skinning_knife":1,"minecraft:campfire":9,"aquaculture:iron_fillet_knife":1,"minecraft:iron_chestplate":1,"sophisticatedbackpacks:diamond_backpack":1,"minecraft:stick":576,"minecraft:iron_ingot":113,"minecraft:iron_pickaxe":2,"minecraft:stone_sword":1,"butcher:butchers_knife":2,"minecraft:beetroot_soup":2,"minecraft:shears":2,"butcher:bloodgrate":4,"minecraft:wooden_sword":3,"minecraft:oak_door":3,"butcher:rag":3,"minecraft:iron_nugget":63,"refurbished_furniture:oak_cutting_board":1,"minecraft:furnace":8,"minecraft:blast_furnace":1,"slashblade:slashblade_wood":3,"minecraft:bone_meal":48,"refurbished_furniture:workbench":1,"minecraft:iron_axe":3,"minecraft:iron_hoe":1,"minecraft:stone_pickaxe":1,"butcher:emptyskinrack":4,"minecraft:redstone_block":3,"sophisticatedbackpacks:iron_backpack":1,"minecraft:cooked_beef":4,"minecraft:cooked_cod":6,"minecraft:iron_sword":1,"minecraft:bowl":4,"tombstone:ankh_of_pray":1,"sophisticatedbackpacks:gold_backpack":1,"minecraft:bucket":1,"minecraft:bread":13,"minecraft:air":0,"minecraft:jungle_planks":40,"refurbished_furniture:wrench":1,"minecraft:oak_boat":2,"minecraft:raw_gold":27,"butcher:hook":4,"tombstone:dark_marble":3,"minecraft:iron_shovel":2,"minecraft:iron_leggings":1,"minecraft:stonecutter":1,"minecraft:torch":36},"minecraft:picked_up":{"butcher:white_llama_skin":1,"minecraft:wheat":103,"minecraft:redstone_block":1,"minecraft:lead":2,"butcher:raw_pork_shoulder":5,"minecraft:golden_sword":1,"butcher:cowcorpseitem":2,"iceandfire:manuscript":9,"evilcraft:ender_tear":1,"minecraft:string":42,"minecraft:raw_copper":2,"minecraft:beetroot":32,"minecraft:gold_nugget":1,"minecraft:cobbled_deepslate":13,"minecraft:bucket":1,"butcher:white_llama":1,"butcher:chicken_drained_corpse_item":8,"minecraft:iron_pickaxe":1,"alexsmobs:raccoon_tail":1,"butcher:salt":25,"butcher:tbonesteak":1,"butcher:skinned_cow_corpse_item":1,"minecraft:stick":519,"minecraft:oak_fence":1,"minecraft:torch":4,"minecraft:porkchop":4,"butcher:pork_shoulder":4,"minecraft:villager_spawn_egg":3,"tombstone:grave_dust":12,"butcher:raw_pork_leg":17,"minecraft:rotten_flesh":46,"artifacts:villager_hat":1,"butcher:drained_sheep_corpse_item":2,"minecraft:red_tulip":1,"butcher:chicken_corpse_item":20,"butcher:raw_pork_belly":5,"minecraft:iron_bars":1,"butcher:chickenfoot":16,"minecraft:cobblestone":178,"minecraft:birch_log":13,"minecraft:feather":23,"minecraft:cooked_beef":1,"butcher:pig_corpse_item":6,"minecraft:jungle_log":10,"minecraft:andesite":7,"minecraft:brown_wool":9,"butcher:villager_head":3,"minecraft:potato":343,"minecraft:flint":1,"evilcraft:flesh_humanoid":2,"butcher:pork_belly":4,"butcher:ham":2,"minecraft:lapis_lazuli":25,"minecraft:dirt":372,"minecraft:leather_boots":1,"butcher:cow_skin":2,"minecraft:glass":1,"minecraft:bone":32,"butcher:raw_ribeye_steak":1,"minecraft:bow":1,"minecraft:wheat_seeds":371,"butcher:raw_tbone_steak":1,"minecraft:oak_planks":15,"butcher:cow_headf":1,"minecraft:cooked_porkchop":1,"butcher:cooked_lamb_rib":6,"minecraft:poisonous_potato":4,"butcher:raw_pork_ham":5,"minecraft:ink_sac":5,"minecraft:grass_block":4,"butcher:creamy_llama":1,"minecraft:bundle":1,"minecraft:bread":32,"minecraft:emerald":22,"butcher:raw_lamb_sirloin":5,"minecraft:oak_sapling":82,"butcher:pork_loin":4,"butcher:rawllamameat":5,"minecraft:azure_bluet":1,"butcher:raw_lamb_shoulder":6,"minecraft:chicken":31,"butcher:rawlambloin":5,"butcher:skinned_drained_sheep_corpse_item":2,"minecraft:chain":1,"butcher:raw_sirloin_steak":1,"minecraft:cornflower":5,"butcher:lamb_loin":2,"minecraft:iron_shovel":1,"minecraft:candle":1,"minecraft:beef":8,"butcher:sheep_skin":4,"minecraft:poppy":9,"minecraft:minecart":1,"minecraft:chest":1,"minecraft:sugar_cane":6,"minecraft:egg":30,"butcher:lambrib":6,"minecraft:raw_iron":68,"minecraft:stone":1,"minecraft:oak_door":1,"butcher:pighead":5,"butcher:bloodgrate":4,"butcher:sheep_corpse_item":10,"minecraft:carrot":219,"minecraft:redstone":5,"butcher:sirloin_steak":1,"butcher:lamb_shoulder":6,"iceandfire:silver_ingot":1,"minecraft:arrow":25,"minecraft:beetroot_seeds":87,"butcher:chicken_head":8,"minecraft:glistering_melon_slice":5,"butcher:raw_pork_loin":5,"minecraft:mutton":17,"minecraft:white_wool":29,"minecraft:rail":8,"minecraft:oxeye_daisy":10,"butcher:villager_meat":15,"butcher:pork_leg":17,"butcher:cooked_villager_meat":13,"minecraft:leather":4,"minecraft:torchflower":3,"butcher:llamameat":4,"minecraft:oak_log":202,"minecraft:yellow_bed":3,"minecraft:gunpowder":11,"butcher:rib_steak":1,"minecraft:cooked_mutton":11,"minecraft:stone_bricks":7,"minecraft:apple":3,"butcher:villager_corpse_item":7,"butcher:chuck_steak":1,"minecraft:iron_ingot":6,"minecraft:cooked_chicken":16,"minecraft:cobweb":4,"tombstone:bag_of_seeds":1,"butcher:hook_block":4,"butcher:drained_pig_corpse_item":4,"butcher:raw_chuck_steak":1,"slashblade:proudsoul_tiny":2,"butcher:sheephead":7,"butcher:creamy_llama_head":2,"minecraft:dandelion":15,"minecraft:torchflower_seeds":1,"butcher:raw_rump_steak":1,"minecraft:white_bed":1,"butcher:cowhoof":28,"minecraft:spider_eye":3,"tombstone:scroll_of_true_sight":1,"butcher:raw_leg_of_lamb":7,"butcher:lamb_sirloin":5,"minecraft:iron_helmet":1,"butcher:creamyllamaskin":1,"minecraft:baked_potato":1,"tombstone:magic_scroll":1,"butcher:leg_of_lamb":7,"minecraft:coal":49,"minecraft:ender_pearl":2,"butcher:white_llama_head":1},"minecraft:killed_by":{"minecraft:creeper":2,"minecraft:zombie":3,"alexsmobs:grizzly_bear":1,"minecraft:player":2,"minecraft:iron_golem":1},"minecraft:mined":{"butcher:villagercorpse":2,"minecraft:white_bed":1,"minecraft:oak_sapling":6,"minecraft:grass_block":196,"butcher:pig_hanging_drained":4,"butcher:hanging_skinned_drained_sheep":2,"minecraft:oxeye_daisy":2,"minecraft:iron_ore":49,"minecraft:azure_bluet":1,"minecraft:red_tulip":1,"minecraft:tripwire":1,"minecraft:deepslate_redstone_ore":1,"minecraft:melon_stem":1,"minecraft:torch":2,"minecraft:poppy":8,"minecraft:chest":1,"butcher:hanging_drained_sheep_corpse":2,"minecraft:glass":1,"minecraft:cobblestone":6,"minecraft:sugar_cane":4,"minecraft:oak_planks":11,"minecraft:chain":1,"butcher:saltblock":12,"minecraft:wheat":156,"minecraft:torchflower_crop":1,"minecraft:grass":402,"minecraft:oak_log":28,"butcher:hanging_sheep_headless":1,"minecraft:beetroots":35,"minecraft:dirt":43,"minecraft:deepslate":6,"butcher:chicken_head":5,"butcher:bloodgrate":4,"minecraft:oak_door":1,"butcher:hanging_chicken_skinned_corpse":8,"minecraft:glow_lichen":1,"butcher:hanging_sheep_corpse":1,"minecraft:carrots":69,"minecraft:andesite":3,"minecraft:potatoes":92,"minecraft:deepslate_iron_ore":18,"minecraft:stone":117,"minecraft:redstone_block":1,"minecraft:dandelion":9,"minecraft:oak_fence":1,"minecraft:cornflower":5,"butcher:chicken_corpse":5,"minecraft:campfire":1,"minecraft:tall_grass":12,"minecraft:lapis_ore":4,"butcher:drained_hanging_cow":1,"minecraft:torchflower":3,"butcher:hook_block":4,"minecraft:yellow_bed":2,"minecraft:coal_ore":49,"minecraft:cobweb":2,"butcher:creamy_llama_head":1},"minecraft:custom":{"minecraft:animals_bred":49,"minecraft:interact_with_crafting_table":103,"minecraft:open_barrel":3,"minecraft:eat_cake_slice":4,"minecraft:leave_game":2,"minecraft:time_since_death":136266,"minecraft:sprint_one_cm":723046,"minecraft:drop":45,"minecraft:talked_to_villager":18,"minecraft:play_time":274389,"minecraft:deaths":9,"tombstone:tomb_raiding":1,"minecraft:jump":5268,"minecraft:walk_on_water_one_cm":19564,"minecraft:interact_with_furnace":73,"minecraft:traded_with_villager":19,"minecraft:interact_with_cartography_table":2,"minecraft:sleep_in_bed":6,"minecraft:damage_dealt":23099,"minecraft:player_kills":3,"minecraft:crouch_one_cm":48789,"tombstone:undead_killed":60,"tombstone:villager_killed":5,"minecraft:inspect_dispenser":2,"minecraft:interact_with_smithing_table":3,"minecraft:interact_with_anvil":2,"minecraft:mob_kills":132,"minecraft:fill_cauldron":1,"minecraft:interact_with_campfire":140,"minecraft:climb_one_cm":6189,"minecraft:walk_one_cm":900447,"minecraft:damage_dealt_absorbed":40,"minecraft:sneak_time":12914,"minecraft:walk_under_water_one_cm":8926,"minecraft:boat_one_cm":35820,"minecraft:interact_with_blast_furnace":5,"minecraft:total_world_time":274389,"tombstone:raider_killed":11,"tombstone:pray_on_grave":1,"minecraft:time_since_rest":89314,"minecraft:damage_taken":7608,"minecraft:swim_one_cm":44334,"minecraft:fly_one_cm":916543,"minecraft:open_chest":289,"minecraft:fall_one_cm":144522},"minecraft:used":{"minecraft:beetroot":7,"butcher:lamb_shoulder":6,"minecraft:iron_shovel":201,"butcher:sirloin_steak":1,"butcher:skinned_drained_sheep_corpse_item":2,"minecraft:poppy":2,"minecraft:chest":9,"minecraft:iron_sword":216,"minecraft:rotten_flesh":8,"butcher:chicken_corpse_item":20,"minecraft:carrot":166,"minecraft:glass":1,"butcher:emptyskinrack":4,"tombstone:decorative_grave_simple":1,"butcher:cow_headf":1,"minecraft:grass_block":2,"minecraft:iron_helmet":1,"butcher:pighead":4,"butcher:chicken_head":6,"minecraft:golden_sword":6,"minecraft:bow":4,"minecraft:furnace":7,"minecraft:oak_sapling":8,"minecraft:cooked_cod":1,"minecraft:beetroot_seeds":34,"minecraft:egg":24,"minecraft:potato":154,"minecraft:damaged_anvil":1,"minecraft:torchflower":2,"minecraft:stone_pickaxe":131,"minecraft:oak_planks":18,"minecraft:wooden_pickaxe":7,"minecraft:redstone_block":1,"minecraft:sugar_cane":6,"butcher:pork_belly":1,"butcher:villager_head":3,"minecraft:shears":1,"minecraft:bread":7,"minecraft:string":1,"tombstone:grave_key":1,"minecraft:torchflower_seeds":4,"butcher:pork_leg":1,"butcher:skinned_cow_corpse_item":1,"minecraft:chain":7,"butcher:tbonesteak":1,"minecraft:oak_boat":1,"minecraft:bone_meal":30,"butcher:creamy_llama":1,"minecraft:cobweb":2,"butcher:white_llama":1,"minecraft:oak_fence":45,"minecraft:stone_sword":138,"minecraft:cooked_chicken":10,"minecraft:oak_door":3,"minecraft:torch":26,"minecraft:dirt":148,"butcher:sheep_corpse_item":10,"butcher:rib_steak":1,"butcher:cowcorpseitem":1,"butcher:creamy_llama_head":2,"minecraft:iron_hoe":166,"tombstone:ankh_of_pray":3,"butcher:drained_pig_corpse_item":6,"minecraft:iron_axe":57,"butcher:ham":1,"minecraft:melon_seeds":2,"butcher:bloodgrate":8,"butcher:llamameat":4,"butcher:lamb_loin":1,"slashblade:slashblade_wood":120,"butcher:hook_block":4,"tombstone:gift":8,"minecraft:cooked_beef":5,"minecraft:beetroot_soup":2,"butcher:villager_corpse_item":7,"minecraft:wheat_seeds":169,"butcher:chuck_steak":1,"minecraft:cooked_mutton":6,"butcher:chicken_drained_corpse_item":8,"minecraft:water_bucket":5,"butcher:leg_of_lamb":4,"minecraft:bundle":1,"minecraft:baked_potato":2,"butcher:butchers_knife":75,"butcher:cooked_villager_meat":12,"butcher:cooked_lamb_rib":3,"minecraft:cauldron":1,"minecraft:crafting_table":6,"refurbished_furniture:oak_cutting_board":1,"minecraft:white_bed":1,"minecraft:campfire":9,"butcher:skinning_knife":4,"minecraft:cake":1,"butcher:pig_corpse_item":6,"tombstone:bag_of_seeds":1,"minecraft:cornflower":1,"minecraft:apple":8,"minecraft:oxeye_daisy":1,"minecraft:iron_pickaxe":131,"refurbished_furniture:light_electricity_generator":1,"butcher:white_llama_head":1,"minecraft:cobblestone":29,"refurbished_furniture:workbench":1,"butcher:lamb_sirloin":3,"minecraft:cooked_porkchop":1,"minecraft:bucket":5,"minecraft:yellow_bed":2,"butcher:drained_sheep_corpse_item":2,"butcher:pork_shoulder":2}},"DataVersion":3465}