{"stats":{"minecraft:dropped":{"minecraft:iron_ingot":5,"butcher:chickenfoot":4,"minecraft:wheat_seeds":1,"minecraft:cooked_cod":5,"butcher:cooked_lamb_rib":1,"butcher:cowcorpseitem":1,"minecraft:oak_boat":1,"butcher:lamb_sirloin":1},"minecraft:broken":{"minecraft:stone_sword":1,"minecraft:stone_pickaxe":1},"minecraft:killed":{"minecraft:spider":8,"minecraft:skeleton":1,"minecraft:drowned":1,"artifacts:mimic":1,"alexsmobs:grizzly_bear":1,"minecraft:creeper":5,"minecraft:sheep":3,"minecraft:zombie":20,"alexsmobs:terrapin":1,"alexsmobs:crow":1,"minecraft:villager":1,"minecraft:enderman":3,"minecraft:cow":3},"minecraft:crafted":{"butcher:bloodgrate":2,"minecraft:smooth_stone":4,"minecraft:oak_planks":164,"minecraft:iron_nugget":27,"refurbished_furniture:oak_cutting_board":1,"minecraft:chain":2,"minecraft:furnace":8,"minecraft:blast_furnace":1,"minecraft:stone":7,"minecraft:bone_meal":15,"minecraft:iron_bars":16,"minecraft:bow":1,"minecraft:iron_boots":1,"refurbished_furniture:workbench":1,"minecraft:iron_axe":1,"minecraft:iron_hoe":1,"minecraft:stone_pickaxe":1,"minecraft:chest":5,"minecraft:redstone_block":3,"refurbished_furniture:light_electricity_generator":1,"minecraft:cooked_cod":6,"minecraft:cooked_beef":4,"minecraft:oak_slab":6,"minecraft:arrow":64,"minecraft:emerald":5,"minecraft:crafting_table":4,"minecraft:baked_potato":2,"minecraft:iron_helmet":1,"minecraft:wooden_pickaxe":1,"minecraft:iron_sword":1,"minecraft:bucket":1,"minecraft:campfire":3,"minecraft:bread":4,"minecraft:air":0,"refurbished_furniture:wrench":1,"aquaculture:iron_fillet_knife":1,"minecraft:oak_boat":2,"minecraft:iron_chestplate":1,"minecraft:stick":152,"butcher:hook":2,"minecraft:iron_ingot":113,"minecraft:iron_pickaxe":1,"minecraft:iron_shovel":1,"minecraft:stone_sword":1,"minecraft:stonecutter":1,"butcher:butchers_knife":1,"minecraft:iron_leggings":1,"minecraft:torch":36,"minecraft:shears":1},"minecraft:picked_up":{"minecraft:wheat":14,"minecraft:azure_bluet":1,"butcher:raw_lamb_shoulder":2,"minecraft:redstone_block":1,"minecraft:chicken":2,"butcher:rawlambloin":2,"butcher:raw_pork_shoulder":1,"butcher:cowcorpseitem":2,"butcher:raw_sirloin_steak":1,"minecraft:cornflower":3,"minecraft:string":10,"butcher:lamb_loin":1,"minecraft:iron_shovel":1,"minecraft:beetroot":3,"minecraft:candle":1,"minecraft:cobbled_deepslate":13,"minecraft:bucket":1,"minecraft:beef":8,"minecraft:poppy":8,"butcher:chicken_drained_corpse_item":2,"minecraft:minecart":1,"butcher:tbonesteak":1,"butcher:skinned_cow_corpse_item":1,"minecraft:sugar_cane":6,"minecraft:chest":1,"butcher:lambrib":2,"minecraft:stick":27,"minecraft:raw_iron":68,"minecraft:stone":1,"butcher:pighead":1,"butcher:bloodgrate":3,"minecraft:torch":4,"minecraft:porkchop":1,"butcher:sheep_corpse_item":4,"butcher:pork_shoulder":1,"minecraft:villager_spawn_egg":3,"tombstone:grave_dust":9,"butcher:raw_pork_leg":1,"minecraft:carrot":8,"minecraft:redstone":5,"butcher:lamb_shoulder":2,"butcher:sirloin_steak":1,"minecraft:arrow":3,"minecraft:rotten_flesh":19,"minecraft:beetroot_seeds":10,"artifacts:villager_hat":1,"butcher:drained_sheep_corpse_item":1,"butcher:chicken_head":2,"minecraft:red_tulip":1,"butcher:chicken_corpse_item":2,"butcher:raw_pork_belly":1,"butcher:pork_leg":1,"minecraft:rail":8,"butcher:raw_pork_loin":1,"minecraft:mutton":3,"butcher:chickenfoot":4,"minecraft:white_wool":3,"minecraft:cobblestone":158,"minecraft:oxeye_daisy":10,"butcher:villager_meat":5,"minecraft:feather":2,"minecraft:cooked_beef":1,"butcher:cooked_villager_meat":5,"butcher:pig_corpse_item":1,"minecraft:andesite":7,"minecraft:leather":4,"butcher:villager_head":1,"minecraft:potato":31,"butcher:ham":1,"evilcraft:flesh_humanoid":1,"minecraft:oak_log":71,"butcher:pork_belly":1,"minecraft:yellow_bed":3,"minecraft:gunpowder":4,"butcher:rib_steak":1,"minecraft:lapis_lazuli":25,"minecraft:dirt":210,"minecraft:cooked_mutton":3,"minecraft:bone":8,"butcher:cow_skin":2,"butcher:raw_ribeye_steak":1,"minecraft:apple":1,"minecraft:stone_bricks":7,"minecraft:wheat_seeds":83,"butcher:raw_tbone_steak":1,"butcher:villager_corpse_item":2,"butcher:chuck_steak":1,"minecraft:iron_ingot":6,"butcher:hook_block":4,"butcher:raw_chuck_steak":1,"minecraft:oak_planks":11,"butcher:cow_headf":1,"butcher:sheephead":3,"butcher:cooked_lamb_rib":2,"minecraft:dandelion":14,"butcher:raw_rump_steak":1,"butcher:raw_pork_ham":1,"minecraft:ink_sac":2,"minecraft:grass_block":2,"minecraft:white_bed":1,"butcher:cowhoof":14,"minecraft:spider_eye":3,"tombstone:scroll_of_true_sight":1,"butcher:raw_leg_of_lamb":3,"butcher:lamb_sirloin":2,"butcher:raw_lamb_sirloin":2,"minecraft:oak_sapling":25,"butcher:leg_of_lamb":3,"minecraft:coal":49,"minecraft:ender_pearl":2},"minecraft:killed_by":{"minecraft:player":2,"minecraft:creeper":2,"minecraft:iron_golem":1,"minecraft:zombie":1,"alexsmobs:grizzly_bear":1},"minecraft:mined":{"butcher:villagercorpse":1,"minecraft:white_bed":1,"minecraft:oak_sapling":6,"butcher:bloodgrate":3,"butcher:hanging_chicken_skinned_corpse":2,"minecraft:glow_lichen":1,"minecraft:grass_block":80,"minecraft:oxeye_daisy":1,"butcher:hanging_sheep_corpse":1,"minecraft:carrots":2,"minecraft:iron_ore":49,"minecraft:andesite":3,"minecraft:azure_bluet":1,"minecraft:potatoes":8,"minecraft:red_tulip":1,"minecraft:deepslate_iron_ore":18,"minecraft:stone":99,"minecraft:tripwire":1,"minecraft:deepslate_redstone_ore":1,"minecraft:redstone_block":1,"minecraft:dandelion":8,"minecraft:cornflower":3,"minecraft:torch":2,"minecraft:poppy":7,"minecraft:chest":1,"butcher:hanging_drained_sheep_corpse":1,"minecraft:campfire":1,"minecraft:tall_grass":5,"minecraft:cobblestone":4,"minecraft:lapis_ore":4,"minecraft:sugar_cane":4,"minecraft:oak_planks":9,"butcher:drained_hanging_cow":1,"minecraft:wheat":16,"butcher:hook_block":4,"minecraft:yellow_bed":2,"minecraft:grass":393,"minecraft:oak_log":27,"minecraft:coal_ore":49,"butcher:hanging_sheep_headless":1,"minecraft:beetroots":3,"minecraft:dirt":10,"minecraft:cobweb":1,"minecraft:deepslate":6},"minecraft:custom":{"minecraft:interact_with_smithing_table":3,"minecraft:mob_kills":50,"minecraft:animals_bred":1,"minecraft:interact_with_crafting_table":55,"minecraft:open_barrel":3,"minecraft:interact_with_campfire":33,"minecraft:eat_cake_slice":4,"minecraft:leave_game":1,"minecraft:time_since_death":9047,"minecraft:climb_one_cm":6189,"minecraft:sprint_one_cm":291444,"minecraft:walk_one_cm":395760,"minecraft:drop":15,"minecraft:damage_dealt_absorbed":40,"minecraft:talked_to_villager":4,"minecraft:play_time":128771,"minecraft:sneak_time":6827,"minecraft:deaths":7,"minecraft:walk_under_water_one_cm":3007,"minecraft:boat_one_cm":35820,"minecraft:jump":2791,"minecraft:interact_with_blast_furnace":2,"minecraft:walk_on_water_one_cm":13789,"minecraft:total_world_time":128771,"minecraft:interact_with_furnace":53,"minecraft:traded_with_villager":10,"minecraft:interact_with_cartography_table":1,"minecraft:sleep_in_bed":5,"minecraft:time_since_rest":8923,"minecraft:damage_taken":4562,"minecraft:damage_dealt":10734,"minecraft:player_kills":2,"minecraft:swim_one_cm":21942,"minecraft:fly_one_cm":449925,"minecraft:open_chest":102,"minecraft:crouch_one_cm":24392,"tombstone:undead_killed":22,"tombstone:villager_killed":1,"minecraft:fall_one_cm":72058,"minecraft:inspect_dispenser":1},"minecraft:used":{"minecraft:beetroot":1,"butcher:lamb_shoulder":2,"minecraft:stone_sword":138,"minecraft:iron_shovel":64,"butcher:sirloin_steak":1,"minecraft:poppy":2,"minecraft:chest":6,"minecraft:iron_sword":47,"minecraft:rotten_flesh":8,"butcher:chicken_corpse_item":2,"minecraft:torch":26,"minecraft:dirt":81,"butcher:rib_steak":1,"butcher:sheep_corpse_item":4,"butcher:cowcorpseitem":1,"minecraft:carrot":10,"minecraft:iron_hoe":162,"minecraft:grass_block":1,"butcher:cow_headf":1,"minecraft:iron_axe":27,"butcher:ham":1,"butcher:chicken_head":2,"butcher:bloodgrate":5,"minecraft:oak_sapling":8,"butcher:lamb_loin":1,"minecraft:furnace":7,"minecraft:cooked_cod":1,"minecraft:beetroot_seeds":10,"butcher:hook_block":4,"tombstone:gift":3,"minecraft:potato":32,"minecraft:cooked_beef":5,"minecraft:wheat_seeds":76,"minecraft:cooked_mutton":3,"butcher:villager_corpse_item":2,"butcher:chuck_steak":1,"butcher:chicken_drained_corpse_item":2,"minecraft:water_bucket":4,"butcher:leg_of_lamb":3,"minecraft:stone_pickaxe":131,"minecraft:baked_potato":1,"butcher:butchers_knife":17,"minecraft:oak_planks":17,"butcher:cooked_villager_meat":4,"minecraft:wooden_pickaxe":7,"minecraft:redstone_block":1,"butcher:cooked_lamb_rib":1,"minecraft:sugar_cane":6,"minecraft:crafting_table":4,"refurbished_furniture:oak_cutting_board":1,"minecraft:white_bed":1,"minecraft:campfire":3,"butcher:villager_head":1,"butcher:pig_corpse_item":1,"minecraft:cornflower":1,"minecraft:apple":2,"minecraft:oxeye_daisy":1,"minecraft:bread":4,"minecraft:string":1,"minecraft:iron_pickaxe":107,"refurbished_furniture:light_electricity_generator":1,"tombstone:grave_key":1,"butcher:pork_leg":1,"minecraft:cobblestone":20,"refurbished_furniture:workbench":1,"butcher:lamb_sirloin":1,"butcher:skinned_cow_corpse_item":1,"minecraft:bucket":4,"minecraft:chain":2,"butcher:tbonesteak":1,"minecraft:yellow_bed":2,"minecraft:oak_boat":1,"butcher:drained_sheep_corpse_item":1,"minecraft:bone_meal":15,"minecraft:cobweb":1}},"DataVersion":3465}